# w/T rho/wT^3(C=1) err_low err_up rho/wT^3(C=5) err_low err_up
9.999999999999999124e-05 2.312586564051413163e+00 7.171779190831417683e-01 6.691407241998610367e-01 8.888946806156939884e-01 2.765213657888951904e-01 2.527987037210418508e-01
1.018471720112120935e-04 2.312586563189173994e+00 7.171779188157447749e-01 6.691407239503739390e-01 8.888946806024372593e-01 2.765213657847713780e-01 2.527987037172715334e-01
1.037284644668142597e-04 2.312586562294785431e+00 7.171779185383773125e-01 6.691407236915853929e-01 8.888946805886860369e-01 2.765213657804934666e-01 2.527987037133608839e-01
1.056445076301053434e-04 2.312586561367049764e+00 7.171779182506681227e-01 6.691407234231481205e-01 8.888946805744222246e-01 2.765213657760562382e-01 2.527987037093042400e-01
1.075959434064314822e-04 2.312586560404724878e+00 7.171779179522324021e-01 6.691407231447019655e-01 8.888946805596265044e-01 2.765213657714534756e-01 2.527987037050964947e-01
1.095834255582346992e-04 2.312586559406520248e+00 7.171779176426702485e-01 6.691407228558738929e-01 8.888946805442792254e-01 2.765213657666791836e-01 2.527987037007315418e-01
1.116076199240738571e-04 2.312586558371096945e+00 7.171779173215653280e-01 6.691407225562771011e-01 8.888946805283597374e-01 2.765213657617269227e-01 2.527987036962040523e-01
1.136692046416912190e-04 2.312586557297069412e+00 7.171779169884888727e-01 6.691407222455088011e-01 8.888946805118467243e-01 2.765213657565900318e-01 2.527987036915080310e-01
1.157688703751999526e-04 2.312586556182996134e+00 7.171779166429932406e-01 6.691407219231555459e-01 8.888946804947178704e-01 2.765213657512615164e-01 2.527987036866367054e-01
1.179073205464670768e-04 2.312586555027384527e+00 7.171779162846150246e-01 6.691407215887834603e-01 8.888946804769506382e-01 2.765213657457343821e-01 2.527987036815837474e-01
1.200852715707715533e-04 2.312586553828688274e+00 7.171779159128763848e-01 6.691407212419426820e-01 8.888946804585207140e-01 2.765213657400011904e-01 2.527987036763421624e-01
1.223034530968148802e-04 2.312586552585297106e+00 7.171779155272766104e-01 6.691407208821713581e-01 8.888946804394035617e-01 2.765213657340540587e-01 2.527987036709054003e-01
1.245626082511651648e-04 2.312586551295548354e+00 7.171779151273010022e-01 6.691407205089854315e-01 8.888946804195738682e-01 2.765213657278854376e-01 2.527987036652659114e-01
1.268634938872164784e-04 2.312586549957710513e+00 7.171779147124113241e-01 6.691407201218861900e-01 8.888946803990047663e-01 2.765213657214866672e-01 2.527987036594161463e-01
1.292068808387468947e-04 2.312586548569992129e+00 7.171779142820529085e-01 6.691407197203531609e-01 8.888946803776687222e-01 2.765213657148493098e-01 2.527987036533481113e-01
1.315935541781604182e-04 2.312586547130532910e+00 7.171779138356486616e-01 6.691407193038498846e-01 8.888946803555372034e-01 2.765213657079647058e-01 2.527987036470541460e-01
1.340243134794986285e-04 2.312586545637404178e+00 7.171779133726001731e-01 6.691407188718176968e-01 8.888946803325805668e-01 2.765213657008230852e-01 2.527987036405250354e-01
1.364999730863110958e-04 2.312586544088604867e+00 7.171779128922877167e-01 6.691407184236761729e-01 8.888946803087678372e-01 2.765213656934152331e-01 2.527987036337531190e-01
1.390213623844733365e-04 2.312586542482058860e+00 7.171779123940664746e-01 6.691407179588266807e-01 8.888946802840672623e-01 2.765213656857312685e-01 2.527987036267284049e-01
1.415893260800450888e-04 2.312586540815614100e+00 7.171779118772700912e-01 6.691407174766448307e-01 8.888946802584458684e-01 2.765213656777608664e-01 2.527987036194416781e-01
1.442047244822595206e-04 2.312586539087035487e+00 7.171779113412042328e-01 6.691407169764853613e-01 8.888946802318691276e-01 2.765213656694932576e-01 2.527987036118835018e-01
1.468684337917413555e-04 2.312586537294007982e+00 7.171779107851514734e-01 6.691407164576776978e-01 8.888946802043015127e-01 2.765213656609173398e-01 2.527987036040434399e-01
1.495813463940479700e-04 2.312586535434128177e+00 7.171779102083668533e-01 6.691407159195263965e-01 8.888946801757060534e-01 2.765213656520216778e-01 2.527987035959107232e-01
1.523443711586330471e-04 2.312586533504903397e+00 7.171779096100767692e-01 6.691407153613102565e-01 8.888946801460444469e-01 2.765213656427946143e-01 2.527987035874750266e-01
1.551584337433323962e-04 2.312586531503747267e+00 7.171779089894794179e-01 6.691407147822814316e-01 8.888946801152769472e-01 2.765213656332233816e-01 2.527987035787248038e-01
1.580244769044743161e-04 2.312586529427980153e+00 7.171779083457441306e-01 6.691407141816632098e-01 8.888946800833621431e-01 2.765213656232951012e-01 2.527987035696483975e-01
1.609434608127180964e-04 2.312586527274818060e+00 7.171779076780069317e-01 6.691407135586509014e-01 8.888946800502576240e-01 2.765213656129967834e-01 2.527987035602335952e-01
1.639163633747267460e-04 2.312586525041376184e+00 7.171779069853734256e-01 6.691407129124109510e-01 8.888946800159185369e-01 2.765213656023143285e-01 2.527987035504677404e-01
1.669441805607814206e-04 2.312586522724661364e+00 7.171779062669150218e-01 6.691407122420760523e-01 8.888946799802992516e-01 2.765213655912337476e-01 2.527987035403378435e-01
1.700279267384475687e-04 2.312586520321567640e+00 7.171779055216684906e-01 6.691407115467482569e-01 8.888946799433519175e-01 2.765213655797400527e-01 2.527987035298300267e-01
1.731686350124044145e-04 2.312586517828876698e+00 7.171779047486368519e-01 6.691407108254940894e-01 8.888946799050271297e-01 2.765213655678178117e-01 2.527987035189304121e-01
1.763673575705514292e-04 2.312586515243246321e+00 7.171779039467831574e-01 6.691407100773485439e-01 8.888946798652734849e-01 2.765213655554511485e-01 2.527987035076242339e-01
1.796251660365090204e-04 2.312586512561211727e+00 7.171779031150320449e-01 6.691407093013093110e-01 8.888946798240374703e-01 2.765213655426232986e-01 2.527987034958972812e-01
1.829431518286286625e-04 2.312586509779178012e+00 7.171779022522695168e-01 6.691407084963350016e-01 8.888946797812639078e-01 2.765213655293170536e-01 2.527987034837323455e-01
1.863224265256363662e-04 2.312586506893417493e+00 7.171779013573393868e-01 6.691407076613478111e-01 8.888946797368957320e-01 2.765213655155148720e-01 2.527987034711143277e-01
1.897641222390291282e-04 2.312586503900062596e+00 7.171779004290419479e-01 6.691407067952286347e-01 8.888946796908729908e-01 2.765213655011977689e-01 2.527987034580256864e-01
1.932693919923508059e-04 2.312586500795100974e+00 7.171778994661330842e-01 6.691407058968166233e-01 8.888946796431346220e-01 2.765213654863472037e-01 2.527987034444491021e-01
1.968394101074733211e-04 2.312586497574372846e+00 7.171778984673227164e-01 6.691407049649078509e-01 8.888946795936161216e-01 2.765213654709426372e-01 2.527987034303662561e-01
2.004753725980135668e-04 2.312586494233560330e+00 7.171778974312721378e-01 6.691407039982522065e-01 8.888946795422515423e-01 2.765213654549638633e-01 2.527987034157582746e-01
2.041784975700172613e-04 2.312586490768186565e+00 7.171778963565922371e-01 6.691407029955560581e-01 8.888946794889716063e-01 2.765213654383892328e-01 2.527987034006058398e-01
2.079500256300439987e-04 2.312586487173608152e+00 7.171778952418443875e-01 6.691407019554742597e-01 8.888946794337053703e-01 2.765213654211968741e-01 2.527987033848884124e-01
2.117912203007905685e-04 2.312586483445007168e+00 7.171778940855328965e-01 6.691407008766132591e-01 8.888946793763785603e-01 2.765213654033633617e-01 2.527987033685843432e-01
2.157033684443911310e-04 2.312586479577386278e+00 7.171778928861081148e-01 6.691406997575284343e-01 8.888946793169142380e-01 2.765213653848650477e-01 2.527987033516730930e-01
2.196877806935376340e-04 2.312586475565563404e+00 7.171778916419646599e-01 6.691406985967165433e-01 8.888946792552328002e-01 2.765213653656768411e-01 2.527987033341312362e-01
2.237457918905616896e-04 2.312586471404160182e+00 7.171778903514327563e-01 6.691406973926268265e-01 8.888946791912516465e-01 2.765213653457733178e-01 2.527987033159350139e-01
2.278787615346290199e-04 2.312586467087600184e+00 7.171778890127835648e-01 6.691406961436419110e-01 8.888946791248850676e-01 2.765213653251277215e-01 2.527987032970606673e-01
2.320880742371934642e-04 2.312586462610100035e+00 7.171778876242240752e-01 6.691406948480889127e-01 8.888946790560440236e-01 2.765213653037122965e-01 2.527987032774822174e-01
2.363751401858640963e-04 2.312586457965656983e+00 7.171778861838922214e-01 6.691406935042314430e-01 8.888946789846361440e-01 2.765213652814986212e-01 2.527987032571741288e-01
2.407413956168407375e-04 2.312586453148047561e+00 7.171778846898582138e-01 6.691406921102696082e-01 8.888946789105658386e-01 2.765213652584563864e-01 2.527987032361087572e-01
2.451883032960764297e-04 2.312586448150816043e+00 7.171778831401196541e-01 6.691406906643337926e-01 8.888946788337337424e-01 2.765213652345550610e-01 2.527987032142580137e-01
2.497173530093273848e-04 2.312586442967264233e+00 7.171778815326002032e-01 6.691406891644868793e-01 8.888946787540372707e-01 2.765213652097627817e-01 2.527987031915928107e-01
2.543300620612554261e-04 2.312586437590445243e+00 7.171778798651442521e-01 6.691406876087189204e-01 8.888946786713691761e-01 2.765213651840460196e-01 2.527987031680822838e-01
2.590279757837492649e-04 2.312586432013153726e+00 7.171778781355180321e-01 6.691406859949440289e-01 8.888946785856187693e-01 2.765213651573702469e-01 2.527987031436954579e-01
2.638126680536359439e-04 2.312586426227914771e+00 7.171778763414033975e-01 6.691406843210012667e-01 8.888946784966713643e-01 2.765213651297001585e-01 2.527987031183989153e-01
2.686857418199546459e-04 2.312586420226975026e+00 7.171778744803953831e-01 6.691406825846453188e-01 8.888946784044076121e-01 2.765213651009983398e-01 2.527987030921592382e-01
2.736488296409704318e-04 2.312586414002292923e+00 7.171778725500006502e-01 6.691406807835509341e-01 8.888946783087035008e-01 2.765213650712262661e-01 2.527987030649416766e-01
2.787035942311076164e-04 2.312586407545525802e+00 7.171778705476323790e-01 6.691406789153018231e-01 8.888946782094314658e-01 2.765213650403443024e-01 2.527987030367085941e-01
2.838517290179868235e-04 2.312586400848020141e+00 7.171778684706060503e-01 6.691406769773964314e-01 8.888946781064579472e-01 2.765213650083108154e-01 2.527987030074232422e-01
2.890949587097486808e-04 2.312586393900800896e+00 7.171778663161390011e-01 6.691406749672372811e-01 8.888946779996451664e-01 2.765213649750830616e-01 2.527987029770462080e-01
2.944350398728603395e-04 2.312586386694556406e+00 7.171778640813426531e-01 6.691406728821300831e-01 8.888946778888497935e-01 2.765213649406161878e-01 2.527987029455365242e-01
2.998737615205930378e-04 2.312586379219629951e+00 7.171778617632229569e-01 6.691406707192797398e-01 8.888946777739235028e-01 2.765213649048644529e-01 2.527987029128515584e-01
3.054129457123703627e-04 2.312586371466003321e+00 7.171778593586728423e-01 6.691406684757894574e-01 8.888946776547124173e-01 2.765213648677797842e-01 2.527987028789484558e-01
3.110544481641876798e-04 2.312586363423286606e+00 7.171778568644708862e-01 6.691406661486500873e-01 8.888946775310563320e-01 2.765213648293122217e-01 2.527987028437809203e-01
3.168001588703068323e-04 2.312586355080699096e+00 7.171778542772726528e-01 6.691406637347450115e-01 8.888946774027899345e-01 2.765213647894105842e-01 2.527987028073026554e-01
3.226520027364346006e-04 2.312586346427061290e+00 7.171778515936118037e-01 6.691406612308377078e-01 8.888946772697410292e-01 2.765213647480212478e-01 2.527987027694638122e-01
3.286119402245973181e-04 2.312586337450776242e+00 7.171778488098918825e-01 6.691406586335735263e-01 8.888946771317313145e-01 2.765213647050883683e-01 2.527987027302146528e-01
3.346819680099268036e-04 2.312586328139813574e+00 7.171778459223823177e-01 6.691406559394716957e-01 8.888946769885763821e-01 2.765213646605552134e-01 2.527987026895013312e-01
3.408641196495799789e-04 2.312586318481694825e+00 7.171778429272122057e-01 6.691406531449208828e-01 8.888946768400838305e-01 2.765213646143616089e-01 2.527987026472706678e-01
3.471604662640116160e-04 2.312586308463476126e+00 7.171778398203683125e-01 6.691406502461760830e-01 8.888946766860545967e-01 2.765213645664453823e-01 2.527987026034652640e-01
3.535731172308338569e-04 2.312586298071732660e+00 7.171778365976870795e-01 6.691406472393537364e-01 8.888946765262827343e-01 2.765213645167429179e-01 2.527987025580266112e-01
3.601042208914919805e-04 2.312586287292536458e+00 7.171778332548492951e-01 6.691406441204219568e-01 8.888946763605534152e-01 2.765213644651869362e-01 2.527987025108937580e-01
3.667559652709930407e-04 2.312586276111441741e+00 7.171778297873749874e-01 6.691406408852023091e-01 8.888946761886451498e-01 2.765213644117089364e-01 2.527987024620039769e-01
3.735305788109295885e-04 2.312586264513464496e+00 7.171778261906178731e-01 6.691406375293582620e-01 8.888946760103275668e-01 2.765213643562371981e-01 2.527987024112907655e-01
3.804303311160436157e-04 2.312586252483060267e+00 7.171778224597560314e-01 6.691406340483934123e-01 8.888946758253609692e-01 2.765213642986967812e-01 2.527987023586869553e-01
3.874575337145807368e-04 2.312586240004107729e+00 7.171778185897914604e-01 6.691406304376408265e-01 8.888946756334984434e-01 2.765213642390114135e-01 2.527987023041217141e-01
3.946145408326891799e-04 2.312586227059880706e+00 7.171778145755354217e-01 6.691406266922639290e-01 8.888946754344821954e-01 2.765213641771006037e-01 2.527987022475224332e-01
4.019037501831237416e-04 2.312586213633033516e+00 7.171778104116097730e-01 6.691406228072422913e-01 8.888946752280456609e-01 2.765213641128814182e-01 2.527987021888123964e-01
4.093276037685182199e-04 2.312586199705571666e+00 7.171778060924340892e-01 6.691406187773680792e-01 8.888946750139122832e-01 2.765213640462677036e-01 2.527987021279135549e-01
4.168885886994954802e-04 2.312586185258829197e+00 7.171778016122185573e-01 6.691406145972425001e-01 8.888946747917949587e-01 2.765213639771705312e-01 2.527987020647439742e-01
4.245892380278896722e-04 2.312586170273445596e+00 7.171777969649610895e-01 6.691406102612615925e-01 8.888946745613960365e-01 2.765213639054968642e-01 2.527987019992196105e-01
4.324321315953596188e-04 2.312586154729337817e+00 7.171777921444322246e-01 6.691406057636148930e-01 8.888946743224068747e-01 2.765213638311511124e-01 2.527987019312518679e-01
4.404198968976765155e-04 2.312586138605672303e+00 7.171777871441709085e-01 6.691406010982761110e-01 8.888946740745070629e-01 2.765213637540334668e-01 2.527987018607497083e-01
4.485552099649795974e-04 2.312586121880842782e+00 7.171777819574769453e-01 6.691405962589915823e-01 8.888946738173644224e-01 2.765213636740401215e-01 2.527987017876192066e-01
4.568407962582863809e-04 2.312586104532433851e+00 7.171777765773990065e-01 6.691405912392762723e-01 8.888946735506343400e-01 2.765213635910647172e-01 2.527987017117622193e-01
4.652794315825679980e-04 2.312586086537196550e+00 7.171777709967273040e-01 6.691405860324022292e-01 8.888946732739592127e-01 2.765213635049953433e-01 2.527987016330767167e-01
4.738739430166879932e-04 2.312586067871013285e+00 7.171777652079818210e-01 6.691405806313919236e-01 8.888946729869683372e-01 2.765213634157168698e-01 2.527987015514573388e-01
4.826272098605194371e-04 2.312586048508868064e+00 7.171777592034054294e-01 6.691405750290075893e-01 8.888946726892770211e-01 2.765213633231097257e-01 2.527987014667951726e-01
4.915421645995568349e-04 2.312586028424812756e+00 7.171777529749505664e-01 6.691405692177396780e-01 8.888946723804868055e-01 2.765213632270498989e-01 2.527987013789759763e-01
5.006217938873459752e-04 2.312586007591930670e+00 7.171777465142701313e-01 6.691405631898010853e-01 8.888946720601830220e-01 2.765213631274082706e-01 2.527987012878828432e-01
5.098691395460609385e-04 2.312585985982302805e+00 7.171777398127057168e-01 6.691405569371133844e-01 8.888946717279369025e-01 2.765213630240517251e-01 2.527987011933929828e-01
5.192872995855631751e-04 2.312585963566967440e+00 7.171777328612756186e-01 6.691405504512961677e-01 8.888946713833032476e-01 2.765213629168414844e-01 2.527987010953804958e-01
5.288794292412868315e-04 2.312585940315885047e+00 7.171777256506639553e-01 6.691405437236581655e-01 8.888946710258200934e-01 2.765213628056339967e-01 2.527987009937133767e-01
5.386487420312903321e-04 2.312585916197894775e+00 7.171777181712077898e-01 6.691405367451821462e-01 8.888946706550082677e-01 2.765213626902802702e-01 2.527987008882555120e-01
5.485985108328383453e-04 2.312585891180674480e+00 7.171777104128826963e-01 6.691405295065164793e-01 8.888946702703708347e-01 2.765213625706255396e-01 2.527987007788661256e-01
5.587320689788688845e-04 2.312585865230697202e+00 7.171777023652925465e-01 6.691405219979591479e-01 8.888946698713922068e-01 2.765213624465094888e-01 2.527987006653980018e-01
5.690528113747128722e-04 2.312585838313183650e+00 7.171776940176495252e-01 6.691405142094493108e-01 8.888946694575378116e-01 2.765213623177656954e-01 2.527987005476993732e-01
5.795641956354421684e-04 2.312585810392061347e+00 7.171776853587679135e-01 6.691405061305477631e-01 8.888946690282530927e-01 2.765213621842219638e-01 2.527987004256120329e-01
5.902697432442266176e-04 2.312585781429910892e+00 7.171776763770441043e-01 6.691404977504267215e-01 8.888946685829625105e-01 2.765213620456988819e-01 2.527987002989727783e-01
6.011730407320875014e-04 2.312585751387917110e+00 7.171776670604392834e-01 6.691404890578565023e-01 8.888946681210695422e-01 2.765213619020110425e-01 2.527987001676123002e-01
6.122777408794434538e-04 2.312585720225819319e+00 7.171776573964687707e-01 6.691404800411868692e-01 8.888946676419553494e-01 2.765213617529662660e-01 2.527987000313534072e-01
6.235875639398502125e-04 2.312585687901854925e+00 7.171776473721809264e-01 6.691404706883345987e-01 8.888946671449771131e-01 2.765213615983638240e-01 2.527986998900142446e-01
6.351062988863465271e-04 2.312585654372703914e+00 7.171776369741413859e-01 6.691404609867643849e-01 8.888946666294694765e-01 2.765213614379976592e-01 2.527986997434057415e-01
6.468378046808202818e-04 2.312585619593431119e+00 7.171776261884144077e-01 6.691404509234759601e-01 8.888946660947411038e-01 2.765213612716517222e-01 2.527986995913308332e-01
6.587860115668232007e-04 2.312585583517427157e+00 7.171776150005462203e-01 6.691404404849805587e-01 8.888946655400757901e-01 2.765213610991039683e-01 2.527986994335857940e-01
6.709549223862660812e-04 2.312585546096342703e+00 7.171776033955428176e-01 6.691404296572898147e-01 8.888946649647299081e-01 2.765213609201228051e-01 2.527986992699592372e-01
6.833486139204350681e-04 2.312585507280028096e+00 7.171775913578513073e-01 6.691404184258931132e-01 8.888946643679322968e-01 2.765213607344682023e-01 2.527986991002322270e-01
6.959712382557785857e-04 2.312585467016462726e+00 7.171775788713392608e-01 6.691404067757384944e-01 8.888946637488834845e-01 2.765213605418918030e-01 2.527986989241766125e-01
7.088270241749256061e-04 2.312585425251685756e+00 7.171775659192725083e-01 6.691403946912117817e-01 8.888946631067535797e-01 2.765213603421351474e-01 2.527986987415571374e-01
7.219202785733924623e-04 2.312585381929725070e+00 7.171775524842924909e-01 6.691403821561188181e-01 8.888946624406821595e-01 2.765213601349306716e-01 2.527986985521286645e-01
7.352553879024645777e-04 2.312585336992523111e+00 7.171775385483956100e-01 6.691403691536592646e-01 8.888946617497763825e-01 2.765213599200003758e-01 2.527986983556373968e-01
7.488368196387278856e-04 2.312585290379854719e+00 7.171775240929034734e-01 6.691403556664088370e-01 8.888946610331105447e-01 2.765213596970568233e-01 2.527986981518199894e-01
7.626691237807453096e-04 2.312585242029251198e+00 7.171775090984437995e-01 6.691403416762922163e-01 8.888946602897241922e-01 2.765213594658010310e-01 2.527986979404032164e-01
7.767569343733797494e-04 2.312585191875915491e+00 7.171774935449222177e-01 6.691403271645586237e-01 8.888946595186206778e-01 2.765213592259224695e-01 2.527986977211038599e-01
7.911049710602740138e-04 2.312585139852632476e+00 7.171774774114942907e-01 6.691403121117609487e-01 8.888946587187669390e-01 2.765213589771005065e-01 2.527986974936284881e-01
8.057180406650070329e-04 2.312585085889682812e+00 7.171774606765375371e-01 6.691402964977264389e-01 8.888946578890909445e-01 2.765213587190010758e-01 2.527986972576711233e-01
8.206010388014567435e-04 2.312585029914745682e+00 7.171774433176243413e-01 6.691402803015273903e-01 8.888946570284809168e-01 2.765213584512786760e-01 2.527986970129164623e-01
8.357589515139130475e-04 2.312584971852805982e+00 7.171774253114915343e-01 6.691402635014616074e-01 8.888946561357833342e-01 2.765213581735742610e-01 2.527986967590361012e-01
8.511968569474777412e-04 2.312584911626050399e+00 7.171774066340070863e-01 6.691402460750111025e-01 8.888946552098015985e-01 2.765213578855157950e-01 2.527986964956900895e-01
8.669199270493287536e-04 2.312584849153765276e+00 7.171773872601403532e-01 6.691402279988230006e-01 8.888946542492952574e-01 2.765213575867171425e-01 2.527986962225252654e-01
8.829334293014043464e-04 2.312584784352226919e+00 7.171773671639272152e-01 6.691402092486713471e-01 8.888946532529764522e-01 2.765213572767776240e-01 2.527986959391756994e-01
8.992427284850950222e-04 2.312584717134589685e+00 7.171773463184352160e-01 6.691401897994282422e-01 8.888946522195104727e-01 2.765213569552823492e-01 2.527986956452612510e-01
9.158532884785317539e-04 2.312584647410770966e+00 7.171773246957275916e-01 6.691401696250278697e-01 8.888946511475119827e-01 2.765213566218003294e-01 2.527986953403882353e-01
9.327706740870728109e-04 2.312584575087329064e+00 7.171773022668264108e-01 6.691401486984336344e-01 8.888946500355445757e-01 2.765213562758844779e-01 2.527986950241485342e-01
9.500005529076038140e-04 2.312584500067337956e+00 7.171772790016730514e-01 6.691401269916008587e-01 8.888946488821176661e-01 2.765213559170710544e-01 2.527986946961178205e-01
9.675486972272732446e-04 2.312584422250258065e+00 7.171772548690882321e-01 6.691401044754372585e-01 8.888946476856858236e-01 2.765213555448798877e-01 2.527986943558566679e-01
9.854209859573028699e-04 2.312584341531802146e+00 7.171772298367304899e-01 6.691400811197683041e-01 8.888946464446454421e-01 2.765213551588113772e-01 2.527986940029087748e-01
1.003623406602516342e-03 2.312584257803792287e+00 7.171772038710517716e-01 6.691400568932932558e-01 8.888946451573330743e-01 2.765213547583482701e-01 2.527986936368012971e-01
1.022162057267251341e-03 2.312584170954020468e+00 7.171771769372541350e-01 6.691400317635438633e-01 8.888946438220239887e-01 2.765213543429544396e-01 2.527986932570438494e-01
1.041043148698321845e-03 2.312584080866092240e+00 7.171771489992411208e-01 6.691400056968439536e-01 8.888946424369283950e-01 2.765213539120727759e-01 2.527986928631271724e-01
1.060273006365718531e-03 2.312583987419275289e+00 7.171771200195717899e-01 6.691399786582583609e-01 8.888946410001898890e-01 2.765213534651257410e-01 2.527986924545235770e-01
1.079858072581743296e-03 2.312583890488335570e+00 7.171770899594087645e-01 6.691399506115498497e-01 8.888946395098829001e-01 2.765213530015141474e-01 2.527986920306855012e-01
1.099804908659287803e-03 2.312583789943367663e+00 7.171770587784651596e-01 6.691399215191333738e-01 8.888946379640105810e-01 2.765213525206172696e-01 2.527986915910445109e-01
1.120120197109977702e-03 2.312583685649626020e+00 7.171770264349544011e-01 6.691398913420187888e-01 8.888946363605010337e-01 2.765213520217904009e-01 2.527986911350115218e-01
1.140810743882927176e-03 2.312583577467339779e+00 7.171769928855307175e-01 6.691398600397637786e-01 8.888946346972050883e-01 2.765213515043646320e-01 2.527986906619754670e-01
1.161883480644833235e-03 2.312583465251525361e+00 7.171769580852311865e-01 6.691398275704192322e-01 8.888946329718938610e-01 2.765213509676471837e-01 2.527986901713028534e-01
1.183345467102201462e-03 2.312583348851795950e+00 7.171769219874188916e-01 6.691397938904692921e-01 8.888946311822549795e-01 2.765213504109181875e-01 2.527986896623350965e-01
1.205203893366460412e-03 2.312583228112156331e+00 7.171768845437165307e-01 6.691397589547780633e-01 8.888946293258899178e-01 2.765213498334316844e-01 2.527986891343914078e-01
1.227466082362764369e-03 2.312583102870795937e+00 7.171768457039433553e-01 6.691397227165261086e-01 8.888946274003111103e-01 2.765213492344140711e-01 2.527986885867632427e-01
1.250139492283289808e-03 2.312582972959869476e+00 7.171768054160465589e-01 6.691396851271478319e-01 8.888946254029377325e-01 2.765213486130621012e-01 2.527986880187167440e-01
1.273231719085855850e-03 2.312582838205275770e+00 7.171767636260348855e-01 6.691396461362675296e-01 8.888946233310930367e-01 2.765213479685433295e-01 2.527986874294911868e-01
1.296750499038684451e-03 2.312582698426422390e+00 7.171767202779033568e-01 6.691396056916305568e-01 8.888946211820003551e-01 2.765213472999937805e-01 2.527986868182960922e-01
1.320703711312180275e-03 2.312582553435981403e+00 7.171766753135573325e-01 6.691395637390349371e-01 8.888946189527795472e-01 2.765213466065177261e-01 2.527986861843132260e-01
1.345099380618578313e-03 2.312582403039642465e+00 7.171766286727374595e-01 6.691395202222572003e-01 8.888946166404430027e-01 2.765213458871857988e-01 2.527986855266923794e-01
1.369945679900351964e-03 2.312582247035850358e+00 7.171765802929372935e-01 6.691394750829782190e-01 8.888946142418916452e-01 2.765213451410334367e-01 2.527986848445524792e-01
1.395250933068280848e-03 2.312582085215534544e+00 7.171765301093209199e-01 6.691394282607037169e-01 8.888946117539113789e-01 2.765213443670614391e-01 2.527986841369789239e-01
1.421023617790093813e-03 2.312581917361829387e+00 7.171764780546334705e-01 6.691393796926843329e-01 8.888946091731676491e-01 2.765213435642319695e-01 2.527986834030239160e-01
1.447272368330626080e-03 2.312581743249784605e+00 7.171764240591134154e-01 6.691393293138303555e-01 8.888946064962017779e-01 2.765213427314693329e-01 2.527986826417036870e-01
1.474005978444435953e-03 2.312581562646061073e+00 7.171763680503984162e-01 6.691392770566269022e-01 8.888946037194265237e-01 2.765213418676577550e-01 2.527986818519978307e-01
1.501233404321854681e-03 2.312581375308622178e+00 7.171763099534269603e-01 6.691392228510411044e-01 8.888946008391198639e-01 2.765213409716389403e-01 2.527986810328481937e-01
1.528963767589454391e-03 2.312581180986406082e+00 7.171762496903413275e-01 6.691391666244288494e-01 8.888945978514218860e-01 2.765213400422121826e-01 2.527986801831570984e-01
1.557206358365940870e-03 2.312580979418988658e+00 7.171761871803781219e-01 6.691391083014370800e-01 8.888945947523289037e-01 2.765213390781324776e-01 2.527986793017852341e-01
1.585970638374491854e-03 2.312580770336239766e+00 7.171761223397650209e-01 6.691390478039034306e-01 8.888945915376873508e-01 2.765213380781073038e-01 2.527986783875515453e-01
1.615266244112587533e-03 2.312580553457954657e+00 7.171760550816053126e-01 6.691389850507523107e-01 8.888945882031890067e-01 2.765213370407966220e-01 2.527986774392313452e-01
1.645102990080392086e-03 2.312580328493482273e+00 7.171759853157615439e-01 6.691389199578856584e-01 8.888945847443652237e-01 2.765213359648100999e-01 2.527986764555532062e-01
1.675490872068770461e-03 2.312580095141336223e+00 7.171759129487380591e-01 6.691388524380679215e-01 8.888945811565802657e-01 2.765213348487057798e-01 2.527986754351991827e-01
1.706440070508038467e-03 2.312579853088787107e+00 7.171758378835506598e-01 6.691387824008114826e-01 8.888945774350262008e-01 2.765213336909878583e-01 2.527986743768014799e-01
1.737960953878569213e-03 2.312579602011449076e+00 7.171757600196015936e-01 6.691387097522567551e-01 8.888945735747151300e-01 2.765213324901047987e-01 2.527986732789420099e-01
1.770064082184409030e-03 2.312579341572838842e+00 7.171756792525398883e-01 6.691386343950433968e-01 8.888945695704739691e-01 2.765213312444474436e-01 2.527986721401489500e-01
1.802760210491037834e-03 2.312579071423930266e+00 7.171755954741274586e-01 6.691385562281806365e-01 8.888945654169361221e-01 2.765213299523462398e-01 2.527986709588964098e-01
1.836060292528496687e-03 2.312578791202681838e+00 7.171755085720867839e-01 6.691384751469131587e-01 8.888945611085350418e-01 2.765213286120693503e-01 2.527986697336015443e-01
1.869975484361062175e-03 2.312578500533555736e+00 7.171754184299561352e-01 6.691383910425812154e-01 8.888945566394970133e-01 2.765213272218208784e-01 2.527986684626220004e-01
1.904517148124707914e-03 2.312578199027012005e+00 7.171753249269332553e-01 6.691383038024691920e-01 8.888945520038322723e-01 2.765213257797373148e-01 2.527986671442543631e-01
1.939696855833600471e-03 2.312577886278986306e+00 7.171752279377083816e-01 6.691382133096670515e-01 8.888945471953285660e-01 2.765213242838864272e-01 2.527986657767314904e-01
1.975526393256919668e-03 2.312577561870351239e+00 7.171751273323025977e-01 6.691381194428975832e-01 8.888945422075416047e-01 2.765213227322630418e-01 2.527986643582216253e-01
2.012017763867269410e-03 2.312577225366351019e+00 7.171750229758890871e-01 6.691380220763680775e-01 8.888945370337868468e-01 2.765213211227881551e-01 2.527986628868228447e-01
2.049183192862041435e-03 2.312576876316023267e+00 7.171749147286168302e-01 6.691379210795909138e-01 8.888945316671305052e-01 2.765213194533044927e-01 2.527986613605633925e-01
2.087035131259051476e-03 2.312576514251588833e+00 7.171748024454176473e-01 6.691378163172170268e-01 8.888945261003804443e-01 2.765213177215748441e-01 2.527986597773981270e-01
2.125586260067832342e-03 2.312576138687830518e+00 7.171746859758163506e-01 6.691377076488502773e-01 8.888945203260760763e-01 2.765213159252780661e-01 2.527986581352053008e-01
2.164849494537975615e-03 2.312575749121439372e+00 7.171745651637273511e-01 6.691375949288596026e-01 8.888945143364788137e-01 2.765213140620071952e-01 2.527986564317836748e-01
2.204837988485947899e-03 2.312575345030343232e+00 7.171744398472459370e-01 6.691374780061836169e-01 8.888945081235617440e-01 2.765213121292648957e-01 2.527986546648504085e-01
2.245565138701831852e-03 2.312574925873003284e+00 7.171743098584304477e-01 6.691373567241303277e-01 8.888945016789984166e-01 2.765213101244612393e-01 2.527986528320380621e-01
2.287044589437468682e-03 2.312574491087691086e+00 7.171741750230773427e-01 6.691372309201653046e-01 8.888944949941518514e-01 2.765213080449089311e-01 2.527986509308898233e-01
2.329290236977498308e-03 2.312574040091736727e+00 7.171740351604904973e-01 6.691371004256945199e-01 8.888944880600629928e-01 2.765213058878212005e-01 2.527986489588579522e-01
2.372316234294842823e-03 2.312573572280743228e+00 7.171738900832336228e-01 6.691369650658374191e-01 8.888944808674394960e-01 2.765213036503073596e-01 2.527986469132998959e-01
2.416136995792178034e-03 2.312573087027782748e+00 7.171737395968842410e-01 6.691368246591946622e-01 8.888944734066417386e-01 2.765213013293686961e-01 2.527986447914738477e-01
2.460767202130992055e-03 2.312572583682553695e+00 7.171735834997725600e-01 6.691366790176012103e-01 8.888944656676707190e-01 2.765212989218946982e-01 2.527986425905361934e-01
2.506221805149842947e-03 2.312572061570508097e+00 7.171734215827068049e-01 6.691365279458802995e-01 8.888944576401553999e-01 2.765212964246591687e-01 2.527986403075372923e-01
2.552516032873465568e-03 2.312571519991949653e+00 7.171732536286985482e-01 6.691363712415761000e-01 8.888944493133370539e-01 2.765212938343150073e-01 2.527986379394173699e-01
2.599665394614405958e-03 2.312570958221095374e+00 7.171730794126678354e-01 6.691362086946850418e-01 8.888944406760563854e-01 2.765212911473907686e-01 2.527986354830036309e-01
2.647685686168889819e-03 2.312570375505102582e+00 7.171728987011429801e-01 6.691360400873738179e-01 8.888944317167378761e-01 2.765212883602855554e-01 2.527986329350030426e-01
2.696592995108667602e-03 2.312569771063061275e+00 7.171727112519499236e-01 6.691358651936898383e-01 8.888944224233745750e-01 2.765212854692642441e-01 2.527986302920011141e-01
2.746403706170621236e-03 2.312569144084946959e+00 7.171725168138836093e-01 6.691356837792525880e-01 8.888944127835118891e-01 2.765212824704523786e-01 2.527986275504559011e-01
2.797134506745897146e-03 2.312568493730535302e+00 7.171723151263746932e-01 6.691354956009467614e-01 8.888944027842302642e-01 2.765212793598306185e-01 2.527986247066933423e-01
2.848802392470463352e-03 2.312567819128278135e+00 7.171721059191387138e-01 6.691353004065914156e-01 8.888943924121295304e-01 2.765212761332308533e-01 2.527986217569024863e-01
2.901424672918918174e-03 2.312567119374130620e+00 7.171718889118141593e-01 6.691350979346046834e-01 8.888943816533088071e-01 2.765212727863283204e-01 2.527986186971293847e-01
2.955018977403478693e-03 2.312566393530345543e+00 7.171716638135867683e-01 6.691348879136507222e-01 8.888943704933494061e-01 2.765212693146377188e-01 2.527986155232739840e-01
3.009603260880078842e-03 2.312565640624215213e+00 7.171714303228022835e-01 6.691346700622791133e-01 8.888943589172952908e-01 2.765212657135066587e-01 2.527986122310825756e-01
3.065195809963582041e-03 2.312564859646764504e+00 7.171711881265567801e-01 6.691344440885473865e-01 8.888943469096325378e-01 2.765212619781088899e-01 2.527986088161430223e-01
3.121815249054075547e-03 2.312564049551404821e+00 7.171709369002834400e-01 6.691342096896266689e-01 8.888943344542686864e-01 2.765212581034380834e-01 2.527986052738785405e-01
3.179480546576354209e-03 2.312563209252527230e+00 7.171706763073137925e-01 6.691339665513980073e-01 8.888943215345113114e-01 2.765212540843016154e-01 2.527986015995424829e-01
3.238211021334646243e-03 2.312562337624049391e+00 7.171704059984276292e-01 6.691337143480349248e-01 8.888943081330455964e-01 2.765212499153131276e-01 2.527985977882101221e-01
3.298026348984725142e-03 2.312561433497908325e+00 7.171701256113864886e-01 6.691334527415588873e-01 8.888942942319117968e-01 2.765212455908859779e-01 2.527985938347734329e-01
3.358946568625571349e-03 2.312560495662492333e+00 7.171698347704458243e-01 6.691331813813943263e-01 8.888942798124793709e-01 2.765212411052239139e-01 2.527985897339347643e-01
3.420992089512792447e-03 2.312559522861019623e+00 7.171695330858529616e-01 6.691328999038956837e-01 8.888942648554241099e-01 2.765212364523156330e-01 2.527985854801977350e-01
3.484183697896052652e-03 2.312558513789854331e+00 7.171692201533252931e-01 6.691326079318580256e-01 8.888942493407008261e-01 2.765212316259255676e-01 2.527985810678619050e-01
3.548542563982803617e-03 2.312557467096759467e+00 7.171688955535080456e-01 6.691323050740169975e-01 8.888942332475173735e-01 2.765212266195854474e-01 2.527985764910136712e-01
3.614090249030642386e-03 2.312556381379086368e+00 7.171685588514129517e-01 6.691319909245181385e-01 8.888942165543055607e-01 2.765212214265858615e-01 2.527985717435196067e-01
3.680848712570682166e-03 2.312555255181892200e+00 7.171682095958338277e-01 6.691316650623777562e-01 8.888941992386940605e-01 2.765212160399672658e-01 2.527985668190173563e-01
3.748840319764348925e-03 2.312554086995994851e+00 7.171678473187439451e-01 6.691313270509193778e-01 8.888941812774771023e-01 2.765212104525109904e-01 2.527985617109063110e-01
3.818087848896070582e-03 2.312552875255947882e+00 7.171674715346672002e-01 6.691309764371853319e-01 8.888941626465831636e-01 2.765212046567284698e-01 2.527985564123416129e-01
3.888614499004368948e-03 2.312551618337946202e+00 7.171670817400317421e-01 6.691306127513301227e-01 8.888941433210436616e-01 2.765211986448524728e-01 2.527985509162223865e-01
3.960443897653913130e-03 2.312550314557648257e+00 7.171666774124900723e-01 6.691302355059942641e-01 8.888941232749592025e-01 2.765211924088261108e-01 2.527985452151824131e-01
4.033600108851133868e-03 2.312548962167917388e+00 7.171662580102209361e-01 6.691298441956501364e-01 8.888941024814647207e-01 2.765211859402921801e-01 2.527985393015812488e-01
4.108107641106052525e-03 2.312547559356486815e+00 7.171658229712050137e-01 6.691294382959229736e-01 8.888940809126930631e-01 2.765211792305812821e-01 2.527985331674942326e-01
4.183991455643029135e-03 2.312546104243529577e+00 7.171653717124721883e-01 6.691290172628887589e-01 8.888940585397385741e-01 2.765211722707017206e-01 2.527985268047000522e-01
4.261276974763169093e-03 2.312544594879136994e+00 7.171649036293172852e-01 6.691285805323472502e-01 8.888940353326175714e-01 2.765211650513257347e-01 2.527985202046716395e-01
4.339990090361220409e-03 2.312543029240711423e+00 7.171644180944942715e-01 6.691281275190652522e-01 8.888940112602287114e-01 2.765211575627786189e-01 2.527985133585640698e-01
4.420157172599752278e-03 2.312541405230254199e+00 7.171639144573731528e-01 6.691276576159914669e-01 8.888939862903106892e-01 2.765211497950239572e-01 2.527985062572017938e-01
4.501805078743598663e-03 2.312539720671553667e+00 7.171633920430677822e-01 6.691271701934460303e-01 8.888939603893997177e-01 2.765211417376518543e-01 2.527984988910683128e-01
4.584961162157475192e-03 2.312537973307273287e+00 7.171628501515345810e-01 6.691266645982749672e-01 8.888939335227838967e-01 2.765211333798637261e-01 2.527984912502920789e-01
4.669653281469792958e-03 2.312536160795927387e+00 7.171622880566339564e-01 6.691261401529753350e-01 8.888939056544575834e-01 2.765211247104590875e-01 2.527984833246326168e-01
4.755909809905745772e-03 2.312534280708741896e+00 7.171617050051553033e-01 6.691255961547866171e-01 8.888938767470726532e-01 2.765211157178193435e-01 2.527984751034677569e-01
4.843759644792815927e-03 2.312532330526403612e+00 7.171611002158111425e-01 6.691250318747545833e-01 8.888938467618880956e-01 2.765211063898930233e-01 2.527984665757805338e-01
4.933232217241815751e-03 2.312530307635686011e+00 7.171604728781895144e-01 6.691244465567467437e-01 8.888938156587187223e-01 2.765210967141787934e-01 2.527984577301420899e-01
5.024357502006804310e-03 2.312528209325945383e+00 7.171598221516666261e-01 6.691238394164473746e-01 8.888937833958807655e-01 2.765210866777095822e-01 2.527984485546981297e-01
5.117166027527110181e-03 2.312526032785495289e+00 7.171591471642841942e-01 6.691232096403014751e-01 8.888937499301370337e-01 2.765210762670351485e-01 2.527984390371511569e-01
5.211688886154844727e-03 2.312523775097837575e+00 7.171584470115806020e-01 6.691225563844285240e-01 8.888937152166376254e-01 2.765210654682032088e-01 2.527984291647471515e-01
5.307957744571348453e-03 2.312521433237755275e+00 7.171577207553760935e-01 6.691218787734900530e-01 8.888936792088606431e-01 2.765210542667416727e-01 2.527984189242544755e-01
5.406004854396035536e-03 2.312519004067263850e+00 7.171569674225211077e-01 6.691211758995185832e-01 8.888936418585495769e-01 2.765210426476385486e-01 2.527984083019494399e-01
5.505863062991207466e-03 2.312516484331405664e+00 7.171561860035908786e-01 6.691204468207017086e-01 8.888936031156486894e-01 2.765210305953221814e-01 2.527983972835967652e-01
5.607565824466446622e-03 2.312513870653893022e+00 7.171553754515320733e-01 6.691196905601195510e-01 8.888935629282359585e-01 2.765210180936404916e-01 2.527983858544300411e-01
5.711147210886286484e-03 2.312511159532586902e+00 7.171545346802647991e-01 6.691189061044346964e-01 8.888935212424537990e-01 2.765210051258394364e-01 2.527983739991315204e-01
5.816641923684898532e-03 2.312508347334802039e+00 7.171536625632215500e-01 6.691180924025434962e-01 8.888934780024362325e-01 2.765209916745396956e-01 2.527983617018136897e-01
5.924085305291634795e-03 2.312505430292449926e+00 7.171527579318464074e-01 6.691172483641572022e-01 8.888934331502345021e-01 2.765209777217145781e-01 2.527983489459957323e-01
6.033513350971310939e-03 2.312502404496985520e+00 7.171518195740234081e-01 6.691163728583489068e-01 8.888933866257389127e-01 2.765209632486647084e-01 2.527983357145833221e-01
6.144962720883198094e-03 2.312499265894178535e+00 7.171508462324560629e-01 6.691154647120391985e-01 8.888933383665992283e-01 2.765209482359939352e-01 2.527983219898438660e-01
6.258470752362770527e-03 2.312496010278684011e+00 7.171498366029871452e-01 6.691145227084205338e-01 8.888932883081401837e-01 2.765209326635826859e-01 2.527983077533839662e-01
6.374075472430310897e-03 2.312492633288408150e+00 7.171487893328454266e-01 6.691135455853349789e-01 8.888932363832753314e-01 2.765209165105615430e-01 2.527982929861243289e-01
6.491815610530579823e-03 2.312489130398670767e+00 7.171477030188400104e-01 6.691125320335782334e-01 8.888931825224167804e-01 2.765208997552829340e-01 2.527982776682743404e-01
6.611730611507792010e-03 2.312485496916147465e+00 7.171465762054805015e-01 6.691114806951485861e-01 8.888931266533819375e-01 2.765208823752913769e-01 2.527982617793063103e-01
6.733860648820306008e-03 2.312481727972584444e+00 7.171454073830270115e-01 6.691103901614292582e-01 8.888930687012979170e-01 2.765208643472960581e-01 2.527982452979249395e-01
6.858246637999340992e-03 2.312477818518280159e+00 7.171441949854693299e-01 6.691092589713045768e-01 8.888930085884984011e-01 2.765208456471351939e-01 2.527982282020441174e-01
6.984930250356360081e-03 2.312473763315328945e+00 7.171429373884306013e-01 6.691080856091997653e-01 8.888929462344232757e-01 2.765208262497481639e-01 2.527982104687516163e-01
7.113953926943629609e-03 2.312469556930603964e+00 7.171416329069939533e-01 6.691068685030527874e-01 8.888928815555081631e-01 2.765208061291396513e-01 2.527981920742821131e-01
7.245360892772657185e-03 2.312465193728488799e+00 7.171402797934447459e-01 6.691056060222155821e-01 8.888928144650724006e-01 2.765207852583442261e-01 2.527981729939846600e-01
7.379195171295253874e-03 2.312460667863330599e+00 7.171388762349331092e-01 6.691042964752611510e-01 8.888927448732042436e-01 2.765207636093921506e-01 2.527981532022878230e-01
7.515501599152134976e-03 2.312455973271616116e+00 7.171374203510452183e-01 6.691029381077315819e-01 8.888926726866396288e-01 2.765207411532700776e-01 2.527981326726677080e-01
7.654325841193871521e-03 2.312451103663859087e+00 7.171359101912908596e-01 6.691015290997781584e-01 8.888925978086369417e-01 2.765207178598834137e-01 2.527981113776117672e-01
7.795714405779380178e-03 2.312446052516177630e+00 7.171343437324873005e-01 6.691000675637344131e-01 8.888925201388480080e-01 2.765206936980153518e-01 2.527980892885806075e-01
7.939714660356965784e-03 2.312440813061565237e+00 7.171327188760538984e-01 6.690985515415843743e-01 8.888924395731825356e-01 2.765206686352845722e-01 2.527980663759725743e-01
8.086374847333183125e-03 2.312435378280836229e+00 7.171310334452056789e-01 6.690969790023473251e-01 8.888923560036707805e-01 2.765206426381041638e-01 2.527980426090798982e-01
8.235744100234816678e-03 2.312429740893231056e+00 7.171292851820378900e-01 6.690953478393533160e-01 8.888922693183156643e-01 2.765206156716327746e-01 2.527980179560522789e-01
8.387872460169407129e-03 2.312423893346675641e+00 7.171274717445066393e-01 6.690936558674294155e-01 8.888921794009458921e-01 2.765205876997319789e-01 2.527979923838497012e-01
8.542810892589824609e-03 2.312417827807672133e+00 7.171255907032914045e-01 6.690919008199753826e-01 8.888920861310583010e-01 2.765205586849148744e-01 2.527979658582024669e-01
8.700611304368523896e-03 2.312411536150824620e+00 7.171236395385500728e-01 6.690900803459287616e-01 8.888919893836565445e-01 2.765205285882966768e-01 2.527979383435620120e-01
8.861326561187175821e-03 2.312405009947962498e+00 7.171216156365429750e-01 6.690881920066216182e-01 8.888918890290846697e-01 2.765204973695438717e-01 2.527979098030541660e-01
9.025010505247527820e-03 2.312398240456867704e+00 7.171195162861392358e-01 6.690862332725173722e-01 8.888917849328523690e-01 2.765204649868185927e-01 2.527978801984300805e-01
9.191717973309412523e-03 2.312391218609582744e+00 7.171173386751898970e-01 6.690842015198250614e-01 8.888916769554544572e-01 2.765204313967226657e-01 2.527978494900158246e-01
9.361504815061936005e-03 2.312383935000276391e+00 7.171150798867635956e-01 6.690820940269932571e-01 8.888915649521854645e-01 2.765203965542406550e-01 2.527978176366568741e-01
9.534427911834033459e-03 2.312376379872666199e+00 7.171127368952479042e-01 6.690799079710689767e-01 8.888914487729442371e-01 2.765203604126783565e-01 2.527977845956657088e-01
9.710545195650626890e-03 2.312368543106972929e+00 7.171103065623041228e-01 6.690776404239189290e-01 8.888913282620334311e-01 2.765203229236007365e-01 2.527977503227616385e-01
9.889915668640785959e-03 2.312360414206380277e+00 7.171077856326653066e-01 6.690752883483193081e-01 8.888912032579506795e-01 2.765202840367670944e-01 2.527977147720142925e-01
1.007259942280438851e-02 2.312351982283007423e+00 7.171051707297890765e-01 6.690728485938901571e-01 8.888910735931723206e-01 2.765202437000631175e-01 2.527976778957807813e-01
1.025865766014394387e-02 2.312343236043341577e+00 7.171024583513376793e-01 6.690703178928840700e-01 8.888909390939283561e-01 2.765202018594317135e-01 2.527976396446409701e-01
1.044815271316818991e-02 2.312334163773147822e+00 7.170996448644997301e-01 6.690676928558185743e-01 8.888907995799713024e-01 2.765201584588008465e-01 2.527975999673337526e-01
1.064114806577452950e-02 2.312324753321801651e+00 7.170967265011316538e-01 6.690649699669433126e-01 8.888906548643320527e-01 2.765201134400071536e-01 2.527975588106852189e-01
1.083770837451715485e-02 2.312314992086053511e+00 7.170936993527212699e-01 6.690621455795415784e-01 8.888905047530712977e-01 2.765200667427192283e-01 2.527975161195397114e-01
1.103789949026802615e-02 2.312304866993176056e+00 7.170905593651621945e-01 6.690592159110537729e-01 8.888903490450191791e-01 2.765200183043560189e-01 2.527974718366853280e-01
1.124178848027798140e-02 2.312294364483500786e+00 7.170873023333388385e-01 6.690561770380276663e-01 8.888901875315053935e-01 2.765199680600038956e-01 2.527974259027767623e-01
1.144944365064534328e-02 2.312283470492289439e+00 7.170839238955026840e-01 6.690530248908683753e-01 8.888900199960796389e-01 2.765199159423281650e-01 2.527973782562566996e-01
1.166093456919956549e-02 2.312272170430949902e+00 7.170804195274487203e-01 6.690497552484058197e-01 8.888898462142217349e-01 2.765198618814841414e-01 2.527973288332715507e-01
1.187633208880757574e-02 2.312260449167537146e+00 7.170767845364676152e-01 6.690463637322525692e-01 8.888896659530407529e-01 2.765198058050230001e-01 2.527972775675884076e-01
1.209570837111063023e-02 2.312248291006545386e+00 7.170730140550787279e-01 6.690428458009551882e-01 8.888894789709631539e-01 2.765197476377951880e-01 2.527972243905047822e-01
1.231913691069961257e-02 2.312235679667937749e+00 7.170691030345268668e-01 6.690391967439297538e-01 8.888892850174081595e-01 2.765196873018486157e-01 2.527971692307560136e-01
1.254669255973695462e-02 2.312222598265408546e+00 7.170650462380414591e-01 6.690354116751682234e-01 8.888890838324531307e-01 2.765196247163255183e-01 2.527971120144211215e-01
1.277845155303324737e-02 2.312209029283828876e+00 7.170608382338419240e-01 6.690314855267152083e-01 8.888888751464849580e-01 2.765195597973534314e-01 2.527970526648226635e-01
1.301449153358717574e-02 2.312194954555864879e+00 7.170564733878854735e-01 6.690274130419013865e-01 8.888886586798381284e-01 2.765194924579327251e-01 2.527969911024252614e-01
1.325489157859716799e-02 2.312180355237721585e+00 7.170519458563466841e-01 6.690231887683246725e-01 8.888884341424205804e-01 2.765194226078204753e-01 2.527969272447272431e-01
1.349973222595352365e-02 2.312165211783986152e+00 7.170472495778126287e-01 6.690188070505742601e-01 8.888882012333252369e-01 2.765193501534087828e-01 2.527968610061517296e-01
1.374909550121991911e-02 2.312149503921553162e+00 7.170423782652022293e-01 6.690142620226779968e-01 8.888879596404259953e-01 2.765192749976000952e-01 2.527967922979312831e-01
1.400306494511327493e-02 2.312133210622557833e+00 7.170373253973656436e-01 6.690095476002828612e-01 8.888877090399600611e-01 2.765191970396770893e-01 2.527967210279884469e-01
1.426172564149126229e-02 2.312116310076332226e+00 7.170320842103929948e-01 6.690046574725281303e-01 8.888874490960940733e-01 2.765191161751671123e-01 2.527966471008136207e-01
1.452516424585674829e-02 2.312098779660301417e+00 7.170266476885842621e-01 6.689995850936343302e-01 8.888871794604740195e-01 2.765190322957025160e-01 2.527965704173360528e-01
1.479346901438880098e-02 2.312080595909818737e+00 7.170210085550985379e-01 6.689943236741675570e-01 8.888868997717584985e-01 2.765189452888755506e-01 2.527964908747915018e-01
1.506672983350992694e-02 2.312061734486869025e+00 7.170151592622449055e-01 6.689888661719884944e-01 8.888866096551344409e-01 2.765188550380877075e-01 2.527964083665845685e-01
1.534503824999945178e-02 2.312042170147622588e+00 7.170090919814229302e-01 6.689832052828634801e-01 8.888863087218155101e-01 2.765187614223937329e-01 2.527963227821450332e-01
1.562848750166323172e-02 2.312021876708785229e+00 7.170027985926856751e-01 6.689773334307256292e-01 8.888859965685198539e-01 2.765186643163388691e-01 2.527962340067813063e-01
1.591717254856973504e-02 2.312000827012702153e+00 7.169962706739174685e-01 6.689712427575806863e-01 8.888856727769314237e-01 2.765185635897913219e-01 2.527961419215258854e-01
1.621119010486325382e-02 2.311978992891170925e+00 7.169894994896135465e-01 6.689649251130345142e-01 8.888853369131375359e-01 2.765184591077678444e-01 2.527960464029752607e-01
1.651063867116467007e-02 2.311956345127918588e+00 7.169824759792402524e-01 6.689583720434368885e-01 8.888849885270497797e-01 2.765183507302525490e-01 2.527959473231256027e-01
1.681561856757078643e-02 2.311932853419685685e+00 7.169751907451700212e-01 6.689515747806225043e-01 8.888846271517993891e-01 2.765182383120100562e-01 2.527958445492006767e-01
1.712623196726314329e-02 2.311908486335883417e+00 7.169676340401687220e-01 6.689445242302314298e-01 8.888842523031111886e-01 2.765181217023896521e-01 2.527957379434752072e-01
1.744258293073768645e-02 2.311883211276740013e+00 7.169597957544140421e-01 6.689372109596094518e-01 8.888838634786571102e-01 2.765180007451251143e-01 2.527956273630878048e-01
1.776477744066673470e-02 2.311856994429924761e+00 7.169516654020475777e-01 6.689296251852487885e-01 8.888834601573809557e-01 2.765178752781237703e-01 2.527955126598524505e-01
1.809292343740484879e-02 2.311829800725551998e+00 7.169432321072175540e-01 6.689217567597718350e-01 8.888830417988007326e-01 2.765177451332498926e-01 2.527953936800579893e-01
1.842713085515062729e-02 2.311801593789533094e+00 7.169344845896148399e-01 6.689135951584335160e-01 8.888826078422860100e-01 2.765176101361003225e-01 2.527952702642617400e-01
1.876751165877639863e-02 2.311772335895204478e+00 7.169254111494685056e-01 6.689051294651262580e-01 8.888821577063044099e-01 2.765174701057694362e-01 2.527951422470791076e-01
1.911417988133826476e-02 2.311741987913173979e+00 7.169159996519967049e-01 6.688963483578627134e-01 8.888816907876443407e-01 2.765173248546070051e-01 2.527950094569583195e-01
1.946725166227908019e-02 2.311710509259312651e+00 7.169062375112738028e-01 6.688872400937362350e-01 8.888812064606059771e-01 2.765171741879676182e-01 2.527948717159527181e-01
1.982684528633692211e-02 2.311677857840836126e+00 7.168961116735117489e-01 6.688777924933111407e-01 8.888807040761642630e-01 2.765170179039500020e-01 2.527947288394808423e-01
2.019308122317246476e-02 2.311643990000396442e+00 7.168856085997208361e-01 6.688679929244507605e-01 8.888801829610968319e-01 2.765168557931247939e-01 2.527945806360811787e-01
2.056608216772823350e-02 2.311608860458113313e+00 7.168747142477325252e-01 6.688578282855441870e-01 8.888796424170850585e-01 2.765166876382559868e-01 2.527944269071542571e-01
2.094597308133339109e-02 2.311572422251479075e+00 7.168634140535625754e-01 6.688472849881148541e-01 8.888790817197764760e-01 2.765165132140087190e-01 2.527942674466965300e-01
2.133288123356780544e-02 2.311534626673044546e+00 7.168516929120862802e-01 6.688363489387931793e-01 8.888785001178154399e-01 2.765163322866478479e-01 2.527941020410247042e-01
2.172693624489938774e-02 2.311495423205818689e+00 7.168395351570071572e-01 6.688250055206230726e-01 8.888778968318360452e-01 2.765161446137247570e-01 2.527939304684898580e-01
2.212827013010907132e-02 2.311454759456292862e+00 7.168269245400806788e-01 6.688132395736841040e-01 8.888772710534187382e-01 2.765159499437528368e-01 2.527937524991801244e-01
2.253701734251785382e-02 2.311412581085008799e+00 7.168138442095897123e-01 6.688010353749973547e-01 8.888766219440064065e-01 2.765157480158696446e-01 2.527935678946123810e-01
2.295331481903085946e-02 2.311368831734569085e+00 7.168002766880110510e-01 6.687883766177034062e-01 8.888759486337820537e-01 2.765155385594888493e-01 2.527933764074141720e-01
2.337730202601339888e-02 2.311323452955019064e+00 7.167862038488819199e-01 6.687752463894627297e-01 8.888752502205026218e-01 2.765153212939360783e-01 2.527931777809904190e-01
2.380912100601441372e-02 2.311276384126480288e+00 7.167716068928025042e-01 6.687616271500771425e-01 8.888745257682924006e-01 2.765150959280756604e-01 2.527929717491805839e-01
2.424891642535313002e-02 2.311227562378961764e+00 7.167564663225707289e-01 6.687475007082825940e-01 8.888737743063863661e-01 2.765148621599170520e-01 2.527927580359032866e-01
2.469683562258446693e-02 2.311176922509223797e+00 7.167407619173964406e-01 6.687328481976972938e-01 8.888729948278329962e-01 2.765146196762134911e-01 2.527925363547834925e-01
2.515302865785990979e-02 2.311124396894609578e+00 7.167244727061847787e-01 6.687176500518861033e-01 8.888721862881431290e-01 2.765143681520407792e-01 2.527923064087730376e-01
2.561764836320005664e-02 2.311069915403718866e+00 7.167075769398281171e-01 6.687018859785163194e-01 8.888713476038924144e-01 2.765141072503619624e-01 2.527920678897493945e-01
2.609085039369582470e-02 2.311013405303823820e+00 7.166900520624981397e-01 6.686855349325679931e-01 8.888704776512696970e-01 2.765138366215769139e-01 2.527918204781043343e-01
2.657279327965539686e-02 2.310954791164898658e+00 7.166718746818814267e-01 6.686685750885650315e-01 8.888695752645718873e-01 2.765135559030535983e-01 2.527915638423152700e-01
2.706363847971443928e-02 2.310893994760157444e+00 7.166530205383361274e-01 6.686509838117977722e-01 8.888686392346426546e-01 2.765132647186421266e-01 2.527912976385032762e-01
2.756355043492735371e-02 2.310830934962954331e+00 7.166334644729164260e-01 6.686327376284872948e-01 8.888676683072531670e-01 2.765129626781713812e-01 2.527910215099684610e-01
2.807269662385766459e-02 2.310765527639943695e+00 7.166131803942406009e-01 6.686138121948763668e-01 8.888666611814221019e-01 2.765126493769259897e-01 2.527907350867172331e-01
2.859124761868605050e-02 2.310697685540339386e+00 7.165921412441493832e-01 6.685941822651835231e-01 8.888656165076735949e-01 2.765123243951053134e-01 2.527904379849623684e-01
2.911937714235476524e-02 2.310627318181159406e+00 7.165703189621153157e-01 6.685738216584011795e-01 8.888645328862303518e-01 2.765119872972600090e-01 2.527901298066124181e-01
2.965726212676760704e-02 2.310554331728297939e+00 7.165476844483644747e-01 6.685527032238809397e-01 8.888634088651383713e-01 2.765116376317098279e-01 2.527898101387358043e-01
3.020508277206506928e-02 2.310478628873282592e+00 7.165242075256528231e-01 6.685307988056785611e-01 8.888622429383232770e-01 2.765112749299385442e-01 2.527894785530100386e-01
3.076302260699410179e-02 2.310400108705567668e+00 7.164998568996638895e-01 6.685080792055972942e-01 8.888610335435727094e-01 2.765108987059654577e-01 2.527891346051480692e-01
3.133126855039334441e-02 2.310318666580207125e+00 7.164746001179720380e-01 6.684845141449016204e-01 8.888597790604463311e-01 2.765105084556973569e-01 2.527887778343006486e-01
3.191001097381391399e-02 2.310234193980732265e+00 7.164484035275167084e-01 6.684600722246445414e-01 8.888584778081036752e-01 2.765101036562507275e-01 2.527884077624431569e-01
3.249944376529691203e-02 2.310146578377093363e+00 7.164212322305483216e-01 6.684347208845555777e-01 8.888571280430552779e-01 2.765096837652524231e-01 2.527880238937334489e-01
3.309976439432909395e-02 2.310055703078459644e+00 7.163930500389783518e-01 6.684084263604566090e-01 8.888557279568282121e-01 2.765092482201151336e-01 2.527876257138464977e-01
3.371117397799829052e-02 2.309961447080731922e+00 7.163638194270904869e-01 6.683811536401345066e-01 8.888542756735443584e-01 2.765087964372819895e-01 2.527872126892894977e-01
3.433387734837089339e-02 2.309863684908555648e+00 7.163335014825444880e-01 6.683528664176350276e-01 8.888527692474084141e-01 2.765083278114460752e-01 2.527867842666848830e-01
3.496808312111389372e-02 2.309762286451670477e+00 7.163020558556270068e-01 6.683235270458993682e-01 8.888512066601046424e-01 2.765078417147410761e-01 2.527863398720300303e-01
3.561400376538449014e-02 2.309657116795378329e+00 7.162694407066754199e-01 6.682930964877225044e-01 8.888495858180938125e-01 2.765073374958991748e-01 2.527858789099288739e-01
3.627185567501069879e-02 2.309548036044941632e+00 7.162356126516196131e-01 6.682615342649373957e-01 8.888479045498103304e-01 2.765068144793797478e-01 2.527854007627965416e-01
3.694185924098674495e-02 2.309434899143704367e+00 7.162005267055788771e-01 6.682287984057904140e-01 8.888461606027566742e-01 2.765062719644657552e-01 2.527849047900290191e-01
3.762423892530758485e-02 2.309317555684714307e+00 7.161641362244415276e-01 6.681948453904316132e-01 8.888443516404873623e-01 2.765057092243252690e-01 2.527843903271502768e-01
3.831922333616744059e-02 2.309195849715632409e+00 7.161263928443655224e-01 6.681596300944692146e-01 8.888424752394830097e-01 2.765051255050391399e-01 2.527838566849180957e-01
3.902704530454698117e-02 2.309069619536693541e+00 7.160872464191185838e-01 6.681231057305105914e-01 8.888405288859049236e-01 2.765045200245909163e-01 2.527833031484052473e-01
3.974794196221564241e-02 2.308938697491498715e+00 7.160466449552016499e-01 6.680852237876266919e-01 8.888385099722320160e-01 2.765038919718211252e-01 2.527827289760420371e-01
4.048215482117451663e-02 2.308802909750386156e+00 7.160045345446679477e-01 6.680459339686684039e-01 8.888364157937705956e-01 2.765032405053412523e-01 2.527821333986225438e-01
4.122992985456680470e-02 2.308662076086132942e+00 7.159608592955608586e-01 6.680051841253740186e-01 8.888342435450367063e-01 2.765025647524094188e-01 2.527815156182753320e-01
4.199151757908274607e-02 2.308516009641746081e+00 7.159155612599059637e-01 6.679629201911727598e-01 8.888319903159992430e-01 2.765018638077590962e-01 2.527808748073986367e-01
4.276717313888676875e-02 2.308364516690059709e+00 7.158685803591542385e-01 6.679190861116275357e-01 8.888296530881885094e-01 2.765011367323918501e-01 2.527802101075484753e-01
4.355715639109490611e-02 2.308207396384888366e+00 7.158198543070095621e-01 6.678736237724338665e-01 8.888272287306573372e-01 2.765003825523182357e-01 2.527795206282943408e-01
4.436173199283110352e-02 2.308044440503448591e+00 7.157693185295515015e-01 6.678264729248879483e-01 8.888247139957907716e-01 2.764996002572555067e-01 2.527788054460258227e-01
4.518116948989160664e-02 2.307875433179769065e+00 7.157169060825581131e-01 6.677775711087479138e-01 8.888221055149638783e-01 2.764987887992766957e-01 2.527780636027161520e-01
4.601574340704718546e-02 2.307700150628794411e+00 7.156625475659452729e-01 6.677268535724101284e-01 8.888193997940335711e-01 2.764979470914081805e-01 2.527772941046432242e-01
4.686573334001328806e-02 2.307518360860884687e+00 7.156061710352303873e-01 6.676742531902908340e-01 8.888165932086657950e-01 2.764970740061754029e-01 2.527764959210581086e-01
4.773142404911931425e-02 2.307329823386404577e+00 7.155477019099143465e-01 6.676197003773616245e-01 8.888136819994878479e-01 2.764961683740960741e-01 2.527756679828079278e-01
4.861310555470760297e-02 2.307134288910086539e+00 7.154870628787042275e-01 6.675631230007033068e-01 8.888106622670605139e-01 2.764952289821147602e-01 2.527748091809051134e-01
4.951107323429516233e-02 2.306931499014843290e+00 7.154241738014504026e-01 6.675044462880248552e-01 8.888075299666635676e-01 2.764942545719819567e-01 2.527739183650441479e-01
5.042562792152979062e-02 2.306721185834706311e+00 7.153589516077256683e-01 6.674435927330253371e-01 8.888042809028863234e-01 2.764932438385701019e-01 2.527729943420647940e-01
5.135707600697424213e-02 2.306503071716543118e+00 7.152913101919107230e-01 6.673804819975162061e-01 8.888009107240197881e-01 2.764921954281301941e-01 2.527720358743552609e-01
5.230572954075200093e-02 2.306276868870212660e+00 7.152211603047047284e-01 6.673150308101911676e-01 8.887974149162370940e-01 2.764911079364805735e-01 2.527710416781975278e-01
5.327190633708906581e-02 2.306042279006813800e+00 7.151484094409381598e-01 6.672471528619552394e-01 8.887937887975594364e-01 2.764899799071298681e-01 2.527700104220531596e-01
5.425593008078690577e-02 2.305798992964649408e+00 7.150729617235755953e-01 6.671767586977011000e-01 8.887900275115985238e-01 2.764888098293316609e-01 2.527689407247806219e-01
5.525813043566200899e-02 2.305546690322552550e+00 7.149947177838020806e-01 6.671037556044225880e-01 8.887861260210639935e-01 2.764875961360621082e-01 2.527678311537918665e-01
5.627884315498863504e-02 2.305285039000199099e+00 7.149135746370729461e-01 6.670280474955672112e-01 8.887820791010330179e-01 2.764863372019289445e-01 2.527666802231356424e-01
5.731841019398154630e-02 2.305013694845015948e+00 7.148294255550038390e-01 6.669495347915121997e-01 8.887778813319668902e-01 2.764850313409976668e-01 2.527654863915136385e-01
5.837717982435645936e-02 2.304732301205310030e+00 7.147421599329921715e-01 6.668681142960442010e-01 8.887735270924704833e-01 2.764836768045392246e-01 2.527642480602193542e-01
5.945550675100692850e-02 2.304440488489209571e+00 7.146516631534345354e-01 6.667836790687462489e-01 8.887690105517809247e-01 2.764822717786937778e-01 2.527629635710031408e-01
6.055375223083585279e-02 2.304137873709029449e+00 7.145578164444261748e-01 6.666961182931578911e-01 8.887643256619798260e-01 2.764808143820476349e-01 2.527616312038570845e-01
6.167228419378258109e-02 2.303824060010650321e+00 7.144604967338121781e-01 6.666053171406036704e-01 8.887594661499135240e-01 2.764793026631197081e-01 2.527602491747170665e-01
6.281147736608531928e-02 2.303498636187498505e+00 7.143595764984638219e-01 6.665111566295629508e-01 8.887544255088160039e-01 2.764777345977558198e-01 2.527588156330802249e-01
6.397171339582047311e-02 2.303161176178712299e+00 7.142549236086486175e-01 6.664135134804691774e-01 8.887491969896198496e-01 2.764761080864258647e-01 2.527573286595342639e-01
6.515338098076088602e-02 2.302811238551079942e+00 7.141464011673723800e-01 6.663122599658031220e-01 8.887437735919445636e-01 2.764744209514197193e-01 2.527557862631941710e-01
6.635687599859588226e-02 2.302448365964316679e+00 7.140338673445469908e-01 6.662072637553801968e-01 8.887381480547520418e-01 2.764726709339412336e-01 2.527541863790445653e-01
6.758260163955666366e-02 2.302072084619267045e+00 7.139171752058710574e-01 6.660983877566857281e-01 8.887323128466523281e-01 2.764708556910909776e-01 2.527525268651841239e-01
6.883096854149153843e-02 2.301681903688594488e+00 7.137961725362735876e-01 6.659854899501440606e-01 8.887262601558549857e-01 2.764689727927428509e-01 2.527508054999636489e-01
7.010239492743618184e-02 2.301277314729541779e+00 7.136707016578001106e-01 6.658684232192064734e-01 8.887199818797431039e-01 2.764670197182974576e-01 2.527490199790272118e-01
7.139730674572514202e-02 2.300857791078321224e+00 7.135405992418015764e-01 6.657470351751171300e-01 8.887134696140630563e-01 2.764649938533221274e-01 2.527471679122319514e-01
7.271613781269135879e-02 2.300422787225721688e+00 7.134056961152981380e-01 6.656211679762487066e-01 8.887067146417139130e-01 2.764628924860615955e-01 2.527452468204639535e-01
7.405932995800180996e-02 2.299971738173497648e+00 7.132658170613821458e-01 6.654906581418726930e-01 8.886997079211215178e-01 2.764607128038224504e-01 2.527432541323292314e-01
7.542733317267724669e-02 2.299504058771130843e+00 7.131207806135355654e-01 6.653553363602551229e-01 8.886924400741809116e-01 2.764584518892212461e-01 2.527411871807259125e-01
7.682060575984664408e-02 2.299019143032538182e+00 7.129703988437281481e-01 6.652150272909467255e-01 8.886849013737534442e-01 2.764561067162958352e-01 2.527390431992877495e-01
7.823961448828611887e-02 2.298516363432333343e+00 7.128144771441746741e-01 6.650695493611582521e-01 8.886770817307001469e-01 2.764536741464713732e-01 2.527368193186969592e-01
7.968483474879399509e-02 2.297995070181225508e+00 7.126528140026198166e-01 6.649187145561006318e-01 8.886689706804371536e-01 2.764511509243783305e-01 2.527345125628603917e-01
8.115675071345433700e-02 2.297454590480190184e+00 7.124852007710453794e-01 6.647623282031802638e-01 8.886605573689894122e-01 2.764485336735126308e-01 2.527321198449443695e-01
8.265585549784244812e-02 2.296894227753019102e+00 7.123114214276680123e-01 6.646001887499366489e-01 8.886518305385355809e-01 2.764458188917406911e-01 2.527296379632606449e-01
8.418265132622651525e-02 2.296313260856896576e+00 7.121312523321221555e-01 6.644320875356295453e-01 8.886427785124109135e-01 2.764430029466330430e-01 2.527270635970053636e-01
8.573764969982083928e-02 2.295710943270666160e+00 7.119444619737265167e-01 6.642578085563628498e-01 8.886333891795603623e-01 2.764400820706278683e-01 2.527243933018343824e-01
8.732137156814701040e-02 2.295086502260460293e+00 7.117508107127310524e-01 6.640771282236634931e-01 8.886236499784174736e-01 2.764370523560165660e-01 2.527216235052791582e-01
8.893434750356035701e-02 2.294439138022402958e+00 7.115500505144511934e-01 6.638898151164220884e-01 8.886135478801839849e-01 2.764339097497419129e-01 2.527187505019929947e-01
9.057711787900013523e-02 2.293768022802106010e+00 7.113419246762058279e-01 6.636956297261273896e-01 8.886030693714962458e-01 2.764306500480055995e-01 2.527157704488204315e-01
9.225023304902361942e-02 2.293072299990734919e+00 7.111261675469924270e-01 6.634943241953079607e-01 8.885922004364494864e-01 2.764272688906768138e-01 2.527126793596841114e-01
9.395425353418311587e-02 2.292351083197421424e+00 7.109025042398207095e-01 6.632856420491415328e-01 8.885809265379596145e-01 2.764237617554941018e-01 2.527094731002854644e-01
9.568975020880980675e-02 2.291603455297868130e+00 7.106706503366697625e-01 6.630693179201694321e-01 8.885692325984368978e-01 2.764201239520526210e-01 2.527061473826079929e-01
9.745730449226570891e-02 2.290828467459018025e+00 7.104303115860168827e-01 6.628450772660920975e-01 8.885571029797476594e-01 2.764163506155712380e-01 2.527026977592181645e-01
9.925750854372859810e-02 2.290025138139707650e+00 7.101811835929210392e-01 6.626126360806030569e-01 8.885445214624375643e-01 2.764124367004290317e-01 2.526991196173570264e-01
1.010909654605748192e-01 2.289192452067283945e+00 7.099229515016542980e-01 6.623717005972817873e-01 8.885314712241898505e-01 2.764083769734639873e-01 2.526954081728129964e-01
1.029582894804266513e-01 2.288329359190212742e+00 7.096552896708818725e-01 6.621219669865308077e-01 8.885179348174885305e-01 2.764041660070235551e-01 2.526915584635713863e-01
1.048601061869318257e-01 2.287434773606777938e+00 7.093778613414334355e-01 6.618631210455987457e-01 8.885038941464630247e-01 2.763997981717635222e-01 2.526875653432253399e-01
1.067970527193441155e-01 2.286507572470036109e+00 7.090903182967078777e-01 6.615948378817311237e-01 8.884893304428770344e-01 2.763952676291757671e-01 2.526834234741511809e-01
1.087697779859752717e-01 2.285546594869262371e+00 7.087923005157859002e-01 6.613167815885239165e-01 8.884742242412375646e-01 2.763905683238470079e-01 2.526791273204267441e-01
1.107789428815897648e-01 2.284550640688228995e+00 7.084834358193636827e-01 6.610286049155611465e-01 8.884585553529882329e-01 2.763856939754302244e-01 2.526746711404941337e-01
1.128252205088150217e-01 2.283518469440704912e+00 7.081633395086162075e-01 6.607299489314777396e-01 8.884423028397550048e-01 2.763806380703215382e-01 2.526700489795485893e-01
1.149092964036421832e-01 2.282448799083718782e+00 7.078316139971685406e-01 6.604204426805733164e-01 8.884254449856097136e-01 2.763753938530324472e-01 2.526652546616516837e-01
1.170318687650910155e-01 2.281340304809180708e+00 7.074878484363511522e-01 6.600997028331820893e-01 8.884079592683153948e-01 2.763699543172432049e-01 2.526602817815544189e-01
1.191936486891182617e-01 2.280191617814622873e+00 7.071316183339881878e-01 6.597673333299756138e-01 8.883898223295199070e-01 2.763643121965326799e-01 2.526551236962188973e-01
1.213953604068461478e-01 2.279001324053902877e+00 7.067624851669620512e-01 6.594229250204910464e-01 8.883710099438553165e-01 2.763584599547640464e-01 2.526497735160304625e-01
1.236377415271914665e-01 2.277767962968875626e+00 7.063799959878809265e-01 6.590660552961469243e-01 8.883514969869052980e-01 2.763523897761208659e-01 2.526442240956885410e-01
1.259215432839765059e-01 2.276490026203184414e+00 7.059836830262025131e-01 6.586962877180724263e-01 8.883312574020041374e-01 2.763460935547777941e-01 2.526384680247628634e-01
1.282475307876044524e-01 2.275165956299458170e+00 7.055730632842054373e-01 6.583131716401529054e-01 8.883102641658175980e-01 2.763395628841941454e-01 2.526324976179075144e-01
1.306164832813836996e-01 2.273794145381404341e+00 7.051476381282877348e-01 6.579162418276900404e-01 8.882884892526695664e-01 2.763327890460162140e-01 2.526263049047127174e-01
1.330291944025869533e-01 2.272372933822431662e+00 7.047068928760729101e-01 6.575050180721797588e-01 8.882659035975641881e-01 2.763257629985742536e-01 2.526198816191898011e-01
1.354864724483324789e-01 2.270900608902671536e+00 7.042502963799319726e-01 6.570790048027181918e-01 8.882424770578607465e-01 2.763184753649594594e-01 2.526132191888719181e-01
1.379891406463766845e-01 2.269375403456439511e+00 7.037773006075331850e-01 6.566376906946493897e-01 8.882181783735516589e-01 2.763109164206677404e-01 2.526063087235155269e-01
1.405380374309086466e-01 2.267795494512421683e+00 7.032873402201362811e-01 6.561805482761111641e-01 8.881929751260922989e-01 2.763030760807918540e-01 2.525991410033953111e-01
1.431340167234390337e-01 2.266159001929112016e+00 7.027798321494171940e-01 6.557070335331967037e-01 8.881668336957357912e-01 2.762949438867495777e-01 2.525917064671654444e-01
1.457779482188780451e-01 2.264463987028261904e+00 7.022541751736723903e-01 6.552165855145526407e-01 8.881397192173148269e-01 2.762865089925274908e-01 2.525839951992880916e-01
1.484707176768964298e-01 2.262708451229393347e+00 7.017097494943573821e-01 6.547086259362711047e-01 8.881115955344183188e-01 2.762777601504261549e-01 2.525759969169998342e-01
1.512132272186698101e-01 2.260890334688697934e+00 7.011459163139805995e-01 6.541825587880687465e-01 8.880824251519063850e-01 2.762686856962880411e-01 2.525677009568072506e-01
1.540063956291036484e-01 2.259007514945961859e+00 7.005620174164888248e-01 6.536377699417710296e-01 8.880521691867052647e-01 2.762592735341915517e-01 2.525590962604921108e-01
1.568511586646410272e-01 2.257057805583471133e+00 6.999573747513689881e-01 6.530736267632732961e-01 8.880207873168193267e-01 2.762495111205883758e-01 2.525501713606128629e-01
1.597484693667561573e-01 2.255038954901192660e+00 6.993312900227963702e-01 6.524894777292038484e-01 8.879882377285004402e-01 2.762393854478690791e-01 2.525409143654782085e-01
1.626992983812386162e-01 2.252948644612886575e+00 6.986830442852702827e-01 6.518846520496546226e-01 8.879544770615105387e-01 2.762288830273353923e-01 2.525313129435798887e-01
1.657046342833753405e-01 2.250784488568194242e+00 6.980118975473141862e-01 6.512584592984138609e-01 8.879194603524083185e-01 2.762179898715572124e-01 2.525213543074640299e-01
1.687654839091392300e-01 2.248544031506126473e+00 6.973170883849046930e-01 6.506101890522937303e-01 8.878831409757939053e-01 2.762066914760948899e-01 2.525110251970210662e-01
1.718828726924954975e-01 2.246224747845813496e+00 6.965978335664586574e-01 6.499391105412404279e-01 8.878454705834396554e-01 2.761949728005635984e-01 2.525003118621756970e-01
1.750578450089386173e-01 2.243824040520804530e+00 6.958533276913310139e-01 6.492444723110351035e-01 8.878063990412337070e-01 2.761828182490179140e-01 2.524892000449519003e-01
1.782914645253746155e-01 2.241339239863672894e+00 6.950827428439056987e-01 6.485255019005635724e-01 8.877658743638625616e-01 2.761702116496316251e-01 2.524776749608994564e-01
1.815848145564674943e-01 2.238767602548150215e+00 6.942852282655311846e-01 6.477814055357242751e-01 8.877238426471543153e-01 2.761571362336527891e-01 2.524657212798497863e-01
1.849389984275659482e-01 2.236106310596529756e+00 6.934599100467000454e-01 6.470113678422189096e-01 8.876802479979994942e-01 2.761435746136000624e-01 2.524533231059873373e-01
1.883551398443359393e-01 2.233352470460569172e+00 6.926058908420154037e-01 6.462145515796184903e-01 8.876350324617729992e-01 2.761295087606876475e-01 2.524404639572093156e-01
1.918343832692199491e-01 2.230503112184690551e+00 6.917222496106845142e-01 6.453900973992374723e-01 8.875881359471676779e-01 2.761149199814405542e-01 2.524271267437464550e-01
1.953778943048503081e-01 2.227555188660806262e+00 6.908080413854271740e-01 6.445371236285155625e-01 8.875394961483524803e-01 2.760997888934798583e-01 2.524132937460272785e-01
1.989868600845450808e-01 2.224505574984676493e+00 6.898622970728671699e-01 6.436547260847884644e-01 8.874890484643676025e-01 2.760840954004479819e-01 2.523989465917522157e-01
2.026624896700165990e-01 2.221351067924296263e+00 6.888840232886708215e-01 6.427419779214602613e-01 8.874367259156605847e-01 2.760678186660433520e-01 2.523840662321583661e-01
2.064060144564267563e-01 2.218088385511400418e+00 6.878722022308638717e-01 6.417979295098081849e-01 8.873824590576699922e-01 2.760509370871389034e-01 2.523686329174426035e-01
2.102186885849242626e-01 2.214714166767785208e+00 6.868257915949573800e-01 6.408216083597988444e-01 8.873261758913583153e-01 2.760334282659492322e-01 2.523526261713170404e-01
2.141017893628021085e-01 2.211224971578778398e+00 6.857437245347113297e-01 6.398120190834708509e-01 8.872678017705926123e-01 2.760152689812184201e-01 2.523360247646686538e-01
2.180566176914160992e-01 2.207617280726793751e+00 6.846249096725387506e-01 6.387681434046474926e-01 8.872072593062692025e-01 2.759964351583955589e-01 2.523188066882926517e-01
2.220844985020074824e-01 2.203887496098554166e+00 6.834682311637685359e-01 6.376889402188958833e-01 8.871444682670761583e-01 2.759769018387621120e-01 2.523009491246699376e-01
2.261867811995773303e-01 2.200031941080188069e+00 6.822725488191745402e-01 6.365733457078470714e-01 8.870793454767835762e-01 2.759566431474813619e-01 2.522824284187548116e-01
2.303648401149575031e-01 2.196046861155025454e+00 6.810366982903617306e-01 6.354202735121643464e-01 8.870118047079502688e-01 2.759356322605320821e-01 2.522632200477505915e-01
2.346200749652344875e-01 2.191928424719540303e+00 6.797594913228077740e-01 6.342286149676374940e-01 8.869417565719308616e-01 2.759138413704914639e-01 2.522432985898208635e-01
2.389539113226771538e-01 2.187672724133475022e+00 6.784397160815260897e-01 6.329972394090295218e-01 8.868691084050633888e-01 2.758912416511294374e-01 2.522226376917277024e-01
2.433678010923262525e-01 2.183275777020776687e+00 6.770761375545113481e-01 6.317249945465035488e-01 8.867937641509211488e-01 2.758678032207797504e-01 2.522012100353410169e-01
2.478632229984060464e-01 2.178733527838513151e+00 6.756674980392900487e-01 6.304107069195827862e-01 8.867156242384983678e-01 2.758434951044450578e-01 2.521789873029971485e-01
2.524416830797208688e-01 2.174041849731461529e+00 6.742125177180653406e-01 6.290531824337683986e-01 8.866345854562076578e-01 2.758182851945990555e-01 2.521559401416619828e-01
2.571047151942021936e-01 2.169196546690533633e+00 6.727098953270869153e-01 6.276512069850768150e-01 8.865505408215565986e-01 2.757921402106457975e-01 2.521320381258684851e-01
2.618538815327760561e-01 2.164193356033628390e+00 6.711583089260098056e-01 6.262035471778668594e-01 8.864633794463706584e-01 2.757650256569915692e-01 2.521072497193880269e-01
2.666907731427219930e-01 2.159027951227868058e+00 6.695564167731264948e-01 6.247089511414460894e-01 8.863729863974287859e-01 2.757369057796918987e-01 2.520815422355926483e-01
2.716170104606995261e-01 2.153695945072470863e+00 6.679028583124362317e-01 6.231661494510256638e-01 8.862792425523702278e-01 2.757077435216255257e-01 2.520548817964769484e-01
2.766342438556204097e-01 2.148192893261715586e+00 6.661962552785889446e-01 6.215738561586583444e-01 8.861820244507319089e-01 2.756775004761549130e-01 2.520272332902948609e-01
2.817441541815496331e-01 2.142514298347598434e+00 6.644352129257842243e-01 6.199307699398173277e-01 8.860812041399742656e-01 2.756461368392270073e-01 2.519985603277673514e-01
2.869484533408174776e-01 2.136655614121775848e+00 6.626183213866927435e-01 6.182355753613033578e-01 8.859766490163463182e-01 2.756136113598691706e-01 2.519688251968263959e-01
2.922488848575350850e-01 2.130612250436305644e+00 6.607441571674668168e-01 6.164869442761102825e-01 8.858682216604402138e-01 2.755798812890317695e-01 2.519379888158482794e-01
2.976472244617029417e-01 2.124379578482461284e+00 6.588112847847980014e-01 6.146835373508405809e-01 8.857557796672879125e-01 2.755449023267355635e-01 2.519060106853312497e-01
3.031452806841091752e-01 2.117952936546525056e+00 6.568182585509032556e-01 6.128240057311242772e-01 8.856391754708403674e-01 2.755086285674687163e-01 2.518728488379793351e-01
3.087448954622164510e-01 2.111327636260930785e+00 6.547636245121239984e-01 6.109069928503707558e-01 8.855182561626762094e-01 2.754710124437894647e-01 2.518384597871443642e-01
3.144479447572405828e-01 2.104498969368422845e+00 6.526459225466239022e-01 6.089311363869618354e-01 8.853928633047820629e-01 2.754320046680864831e-01 2.518027984735795588e-01
3.202563391826280248e-01 2.097462215016000719e+00 6.504636886263814866e-01 6.068950703747360009e-01 8.852628327362427330e-01 2.753915541724417659e-01 2.517658182104646203e-01
3.261720246441420223e-01 2.090212647594324125e+00 6.482154572483429522e-01 6.047974274712943910e-01 8.851279943736836131e-01 2.753496080465522855e-01 2.517274706266501294e-01
3.321969829917724715e-01 2.082745545136931220e+00 6.458997640391805906e-01 6.026368413882980946e-01 8.849881720052954481e-01 2.753061114736536918e-01 2.516877056080824016e-01
3.383332326836875348e-01 2.075056198292079657e+00 6.435151485376366942e-01 6.004119494874418095e-01 8.848431830782887975e-01 2.752610076644010917e-01 2.516464712373516210e-01
3.445828294624493360e-01 2.067139919878198562e+00 6.410601571578531388e-01 5.981213955452995279e-01 8.846928384796033384e-01 2.752142377886507285e-01 2.516037137313296146e-01
3.509478670437224390e-01 2.058992055031903856e+00 6.385333463364675222e-01 5.957638326896281811e-01 8.845369423097131367e-01 2.751657409050948244e-01 2.515593773768405317e-01
3.574304778176999875e-01 2.050607991955174292e+00 6.359332858655215581e-01 5.933379265090303889e-01 8.843752916493651250e-01 2.751154538886969592e-01 2.515134044643204669e-01
3.640328335634902546e-01 2.041983173265654372e+00 6.332585624124096313e-01 5.908423583371358312e-01 8.842076763190803712e-01 2.750633113558771381e-01 2.514657352194208384e-01
3.707571461766973608e-01 2.033113107951144638e+00 6.305077832271990257e-01 5.882758287116010010e-01 8.840338786312615937e-01 2.750092455873955899e-01 2.514163077325113349e-01
3.776056684104420191e-01 2.023993383926092626e+00 6.276795800366374856e-01 5.856370610072971772e-01 8.838536731347441666e-01 2.749531864488875543e-01 2.513650578860262552e-01
3.845806946300701079e-01 2.014619681184377953e+00 6.247726131230919577e-01 5.829248052420310522e-01 8.836668263516291866e-01 2.748950613089952144e-01 2.513119192796244850e-01
3.916845615818018156e-01 2.004987785538812073e+00 6.217855755854304611e-01 5.801378420520348911e-01 8.834730965062449481e-01 2.748347949550526970e-01 2.512568231531056018e-01
3.989196491755797047e-01 1.995093602933613042e+00 6.187171977775987042e-01 5.772749868332405221e-01 8.832722332460821724e-01 2.747723095062718501e-01 2.511996983070449163e-01
4.062883812823765428e-01 1.984933174311647175e+00 6.155662519192401927e-01 5.743350940430769214e-01 8.830639773545568838e-01 2.747075243243893850e-01 2.511404710211043723e-01
4.137932265462312964e-01 1.974502691013425348e+00 6.123315568712215384e-01 5.713170616561300541e-01 8.828480604554543865e-01 2.746403559217218682e-01 2.510790649699771171e-01
4.214366992112847932e-01 1.963798510679788389e+00 6.090119830673685897e-01 5.682198357655372511e-01 8.826242047089192244e-01 2.745707178665939274e-01 2.510154011369283289e-01
4.292213599640917754e-01 1.952817173624856295e+00 6.056064575920281357e-01 5.650424153204629540e-01 8.823921224988595657e-01 2.744985206860949267e-01 2.509493977248939967e-01
4.371498167914919519e-01 1.941555419640219604e+00 6.021139693913797331e-01 5.617838569883426558e-01 8.821515161116438852e-01 2.744236717661256986e-01 2.508809700651030150e-01
4.452247258543294284e-01 1.930010205185520578e+00 5.985335746045639116e-01 5.584432801289296311e-01 8.819020774059758150e-01 2.743460752487025811e-01 2.508100305231912852e-01
4.534487923773063978e-01 1.918178720914564428e+00 5.948644019988718057e-01 5.550198718654322239e-01 8.816434874738454663e-01 2.742656319264829001e-01 2.507364884027767360e-01
4.618247715552792898e-01 1.906058409479902904e+00 5.911056584912894873e-01 5.515128922362200203e-01 8.813754162924656299e-01 2.741822391344904686e-01 2.506602498464709505e-01
4.703554694762926425e-01 1.893646983552591756e+00 5.872566347367755846e-01 5.479216794087937714e-01 8.810975223671139167e-01 2.740957906390067977e-01 2.505812177343064162e-01
4.790437440616640563e-01 1.880942443987448698e+00 5.833167107616592517e-01 5.442456549358545281e-01 8.808094523648193341e-01 2.740061765236179170e-01 2.504992915795558606e-01
4.878925060234336475e-01 1.867943098057844198e+00 5.792853616186011134e-01 5.404843290314860216e-01 8.805108407388448910e-01 2.739132830723961520e-01 2.504143674219381221e-01
4.969047198394998532e-01 1.854647577677766446e+00 5.751621630376122507e-01 5.366373058436697541e-01 8.802013093439406966e-01 2.738169926502124207e-01 2.503263377181956795e-01
5.060834047467669405e-01 1.841054857522799848e+00 5.709467970457158259e-01 5.327042886975321689e-01 8.798804670423541197e-01 2.737171835801702757e-01 2.502350912300475017e-01
5.154316357526385062e-01 1.827164272955736468e+00 5.666390575260318307e-01 5.286850852820803581e-01 8.795479093006179916e-01 2.736137300181747944e-01 2.501405129095144453e-01
5.249525446651939209e-01 1.812975537656939640e+00 5.622388556852904173e-01 5.245796127514927853e-01 8.792032177771486046e-01 2.735065018246395363e-01 2.500424837816356272e-01
5.346493211423951619e-01 1.798488760854353163e+00 5.577462253971945394e-01 5.203879027105848820e-01 8.788459599007234502e-01 2.733953644333577682e-01 2.499408808245882074e-01
5.445252137606724219e-01 1.783704464043301741e+00 5.531613283875524978e-01 5.161101060526291917e-01 8.784756884399328447e-01 2.732801787175656028e-01 2.498355768472396710e-01
5.545835311032524251e-01 1.768623597082035870e+00 5.484844592258193430e-01 5.117464976165650992e-01 8.780919410637302303e-01 2.731608008532363518e-01 2.497264403641714647e-01
5.648276428685835571e-01 1.753247553545489223e+00 5.437160500865940715e-01 5.072974806295647010e-01 8.776942398932467970e-01 2.730370821796568315e-01 2.496133354682155137e-01
5.752609809992409451e-01 1.737578185216913429e+00 5.388566752437566887e-01 5.027635909001491044e-01 8.772820910450658261e-01 2.729088690573457932e-01 2.494961217005642329e-01
5.858870408316831924e-01 1.721617815595171130e+00 5.339070552593414565e-01 4.981455007264865564e-01 8.768549841662044431e-01 2.727760027233963047e-01 2.493746539185187627e-01
5.967093822672447923e-01 1.705369252294496984e+00 5.288680608289435536e-01 4.934440224842306932e-01 8.764123919610837810e-01 2.726383191443215726e-01 2.492487821609628007e-01
6.077316309647620152e-01 1.688835798213577544e+00 5.237407162454668086e-01 4.886601118582647452e-01 8.759537697108250587e-01 2.724956488665168930e-01 2.491183515116499603e-01
6.189574795552259534e-01 1.672021261351977151e+00 5.185262024433874295e-01 4.837948706830561552e-01 8.754785547852577121e-01 2.723478168644508646e-01 2.489832019604241165e-01
6.303906888788739504e-01 1.654929963154263550e+00 5.132258595864300776e-01 4.788495493570090744e-01 8.749861661480864417e-01 2.721946423867328546e-01 2.488431682624865360e-01
6.420350892451316405e-01 1.637566745265765178e+00 5.078411891626577468e-01 4.738255487972220514e-01 8.744760038557173321e-01 2.720359388002044909e-01 2.486980797958653344e-01
6.538945817158283713e-01 1.619936974588735756e+00 5.023738555524881466e-01 4.687244219024788716e-01 8.739474485503164747e-01 2.718715134322371441e-01 2.485477604172436905e-01
6.659731394121156667e-01 1.602046546533890670e+00 4.968256870370566514e-01 4.635478744940688678e-01 8.733998609477412467e-01 2.717011674114371278e-01 2.483920283163284504e-01
6.782748088455260449e-01 1.583901886369765144e+00 4.911986762166782317e-01 4.582977657062214938e-01 8.728325813210591200e-01 2.715246955069751111e-01 2.482306958689646237e-01
6.908037112736230556e-01 1.565509948581182531e+00 4.854949798118985971e-01 4.529761078004814756e-01 8.722449289804509176e-01 2.713418859667926508e-01 2.480635694892211474e-01
7.035640440806838480e-01 1.546878214158298626e+00 4.797169178227702613e-01 4.475850653813020497e-01 8.716362017503809234e-01 2.711525203549575158e-01 2.478904494807012693e-01
7.165600821838943313e-01 1.528014685749066626e+00 4.738669720255423989e-01 4.421269539934169490e-01 8.710056754450085093e-01 2.709563733884725600e-01 2.477111298873501122e-01
7.297961794655136725e-01 1.508927880620642537e+00 4.679477837898520232e-01 4.366042380852519500e-01 8.703526033429144215e-01 2.707532127738712102e-01 2.475253983440680594e-01
7.432767702314958536e-01 1.489626821389006484e+00 4.619621512038032396e-01 4.310195283265583210e-01 8.696762156623170092e-01 2.705427990439657204e-01 2.473330359274661383e-01
7.570063706970533435e-01 1.470121024490880224e+00 4.559130254988825737e-01 4.253755782727965951e-01 8.689757190380666962e-01 2.703248853951473185e-01 2.471338170071226692e-01
7.709895804996618196e-01 1.450420486387717256e+00 4.498035067715524526e-01 4.196752803732950454e-01 8.682502960018253502e-01 2.700992175256791139e-01 2.469275090977488540e-01
7.852310842400131996e-01 1.430535667508017195e+00 4.436368390034475251e-01 4.139216613250051857e-01 8.674991044669548845e-01 2.698655334754521684e-01 2.467138727126936271e-01
7.997356530514320161e-01 1.410477473951285310e+00 4.374164043874207985e-01 4.081178767785884620e-01 8.667212772197832038e-01 2.696235634677266457e-01 2.464926612192603894e-01
8.145081461982824900e-01 1.390257236994428824e+00 4.311457169720788185e-01 4.022672054086482429e-01 8.659159214190408349e-01 2.693730297534141505e-01 2.462636206963484398e-01
8.295535127038996537e-01 1.369886690459120482e+00 4.248284156429622538e-01 3.963730423650371204e-01 8.650821181054171305e-01 2.691136464585081045e-01 2.460264897949726581e-01
8.448767930085920863e-01 1.349377946016366847e+00 4.184682564640148650e-01 3.904388921272996527e-01 8.642189217233359200e-01 2.688451194353158602e-01 2.457809996022587429e-01
8.604831206582731484e-01 1.328743466522079419e+00 4.120691044084259236e-01 3.844683607893915056e-01 8.633253596572101340e-01 2.685671461181945441e-01 2.455268735095539334e-01
8.763777240242772715e-01 1.307996037494584707e+00 4.056349245132543357e-01 3.784651478067728725e-01 8.624004317846084566e-01 2.682794153845481366e-01 2.452638270853509939e-01
8.925659280549513852e-01 1.287148736861474685e+00 3.991697724973395367e-01 3.724330372427415714e-01 8.614431100489393645e-01 2.679816074218956956e-01 2.449915679537589819e-01
9.090531560595980221e-01 1.266214903118884294e+00 3.926777848868771015e-01 3.663758885554049272e-01 8.604523380544435440e-01 2.676733936018809157e-01 2.447097956793224949e-01
9.258449315253711731e-01 1.245208102060847200e+00 3.861631686975469657e-01 3.602976269709083912e-01 8.594270306864828513e-01 2.673544363621486175e-01 2.444182016590314976e-01
9.429468799677337421e-01 1.224142092249703495e+00 3.796301907262171760e-01 3.542022334923888849e-01 8.583660737603033830e-01 2.670243890970811496e-01 2.441164690224308931e-01
9.603647308150955464e-01 1.203030789410405532e+00 3.730831665089284765e-01 3.480937345975656516e-01 8.572683237016680557e-01 2.666828960584474162e-01 2.438042725407956191e-01
9.781043193282644710e-01 1.181888229941816748e+00 3.665264490050393897e-01 3.419761916808303770e-01 8.561326072629591444e-01 2.663295922670881888e-01 2.434812785463873475e-01
9.961715885553528160e-01 1.160728533746570701e+00 3.599644170700478929e-01 3.358536902981659189e-01 8.549577212785730573e-01 2.659641034368211976e-01 2.431471448628927945e-01
1.014572591322793205e+00 1.139565866587648468e+00 3.534014637816330628e-01 3.297303292751243564e-01 8.537424324636596618e-01 2.655860459118341010e-01 2.428015207481847293e-01
1.033313492263137290e+00 1.118414402184420453e+00 3.468419846849054577e-01 3.236102097394180088e-01 8.524854772604806286e-01 2.651950266188874972e-01 2.424440468506252611e-01
1.052400569880300063e+00 1.097288284263455926e+00 3.402903660236265004e-01 3.174974241404215913e-01 8.511855617369034066e-01 2.647906430357379604e-01 2.420743551802023719e-01
1.071840218652965637e+00 1.076201588779803098e+00 3.337509730242950168e-01 3.113960453180026899e-01 8.498413615417843570e-01 2.643724831772599204e-01 2.416920690958350715e-01
1.091638951176838068e+00 1.055168286522833121e+00 3.272281382994949306e-01 3.053101156826223406e-01 8.484515219222314997e-01 2.639401256008145902e-01 2.412968033102866894e-01
1.111803400346465853e+00 1.034202206316961803e+00 3.207261504357261650e-01 2.992436365675612553e-01 8.470146578079823518e-01 2.634931394324983023e-01 2.408881639141619013e-01
1.132340321577370190e+00 1.013316999021819154e+00 3.142492428291586704e-01 2.932005578124663447e-01 8.455293539683761406e-01 2.630310844159747807e-01 2.404657484205463547e-01
1.153256595069216406e+00 9.925261025287385186e-01 3.078015828303655166e-01 2.871847676351807488e-01 8.439941652476334877e-01 2.625535109856675930e-01 2.400291458319225857e-01
1.174559228110792830e+00 9.718427079409124314e-01 3.013872612561342423e-01 2.812000828460570201e-01 8.424076168843949164e-01 2.620599603661624144e-01 2.395779367310425512e-01
1.196255357427564281e+00 9.512797271133479615e-01 2.950102823229765470e-01 2.752502394557372334e-01 8.407682049217031217e-01 2.615499646997465621e-01 2.391116933975283576e-01
1.218352251572591527e+00 9.308497617160282900e-01 2.886745540530164522e-01 2.693388837236554423e-01 8.390743967138287740e-01 2.610230472040748761e-01 2.386299799520097409e-01
1.240857313361612979e+00 9.105650739696069529e-01 2.823838791985610053e-01 2.634695636904933469e-01 8.373246315365587833e-01 2.604787223620211867e-01 2.381323525296878962e-01
1.263778082353107068e+00 8.904375591877284890e-01 2.761419467269418115e-01 2.576457212333727043e-01 8.355173213077543570e-01 2.599164961458317880e-01 2.376183594852622205e-01
1.287122237374166867e+00 8.704787202439064897e-01 2.699523239021992538e-01 2.518706846779147357e-01 8.336508514251789181e-01 2.593358662777622836e-01 2.370875416312027140e-01
1.310897599093029386e+00 8.506996440639960078e-01 2.638184489949420009e-01 2.461476619964013679e-01 8.317235817287464972e-01 2.587363225294165847e-01 2.365394325114118512e-01
1.335112132639127314e+00 8.311109802278995318e-01 2.577436246463220559e-01 2.404797346162343974e-01 8.297338475944904257e-01 2.581173470620639065e-01 2.359735587123461542e-01
1.359773950271534249e+00 8.117229217464654312e-01 2.517310119065776508e-01 2.348698518577838623e-01 8.276799611676528556e-01 2.574784148102351455e-01 2.353894402137011177e-01
1.384891314096703185e+00 7.925451880617908618e-01 2.457836249630982461e-01 2.293208260155710221e-01 8.255602127423853354e-01 2.568189939109247755e-01 2.347865907807948904e-01
1.410472638836405057e+00 7.735870103015314303e-01 2.399043265674991599e-01 2.238353280916424159e-01 8.233728722955888646e-01 2.561385461807453856e-01 2.341645184007874470e-01
1.436526494646795937e+00 7.548571188005611665e-01 2.340958241658479544e-01 2.184158841849948018e-01 8.211161911824280679e-01 2.554365276433760990e-01 2.335227257648773147e-01
1.463061609989557921e+00 7.363637328865793030e-01 2.283606667309818761e-01 2.130648725360684281e-01 8.187884040010147135e-01 2.547123891096361170e-01 2.328607107986138125e-01
1.490086874556071139e+00 7.181145529102250791e-01 2.227012422908922762e-01 2.077845212206830272e-01 8.163877306336586592e-01 2.539655768124867707e-01 2.321779672424202356e-01
1.517611342245616113e+00 7.001167544850515068e-01 2.171197761424291106e-01 2.025769064833883304e-01 8.139123784719441979e-01 2.531955330992184949e-01 2.314739852843992196e-01
1.545644234198557232e+00 6.823769848885332667e-01 2.116183297351833525e-01 1.974439516961058461e-01 8.113605448326761671e-01 2.524016971830133071e-01 2.307482522474186837e-01
1.574194941885586729e+00 6.649013615620906759e-01 2.061988002063158132e-01 1.923874269241149237e-01 8.087304195714630772e-01 2.515835059559909936e-01 2.300002533324090326e-01
1.603273030254013909e+00 6.476954726362440518e-01 2.008629205434173115e-01 1.874089490780040945e-01 8.060201879003603409e-01 2.507403948657339621e-01 2.292294724196870526e-01
1.632888240932178325e+00 6.307643793962711687e-01 1.956122603491568523e-01 1.825099826271034953e-01 8.032280334155641466e-01 2.498717988571554915e-01 2.284353929300264596e-01
1.663050495493051173e+00 6.141126205943753247e-01 1.904482271785685743e-01 1.776918408471993560e-01 8.003521413406371465e-01 2.489771533814176818e-01 2.276174987470174216e-01
1.693769898778122895e+00 5.977442185062975533e-01 1.853720684173251199e-01 1.729556875729955090e-01 7.973907019901427251e-01 2.480558954734138899e-01 2.267752752021146012e-01
1.725056742282687905e+00 5.816626866235773408e-01 1.803848736672555297e-01 1.683025394238537586e-01 7.943419144578653945e-01 2.471074648991171685e-01 2.259082101235534434e-01
1.756921507603661281e+00 5.658710388672749669e-01 1.754875776037005952e-01 1.637332684697540008e-01 7.912039905329975031e-01 2.461313053738457546e-01 2.250157949501017107e-01
1.789374869951081637e+00 5.503718002048465507e-01 1.706809632680107436e-01 1.592486053032627913e-01 7.879751588467615031e-01 2.451268658522121058e-01 2.240975259103449302e-01
1.822427701724480986e+00 5.351670185490313703e-01 1.659656657576216165e-01 1.548491424824423035e-01 7.846536692509249455e-01 2.440936018902114535e-01 2.231529052679208647e-01
1.856091076155311770e+00 5.202582778159567933e-01 1.613421762756258038e-01 1.505353383091792008e-01 7.812377974285297233e-01 2.430309770795483493e-01 2.221814426327971548e-01
1.890376271016658061e+00 5.056467120191601161e-01 1.568108465016022079e-01 1.463075209072507432e-01 7.777258497359127443e-01 2.419384645539148782e-01 2.211826563383232358e-01
1.925294772401473065e+00 4.913330202767711707e-01 1.523718932456340491e-01 1.421658925646143157e-01 7.741161682737187633e-01 2.408155485665030016e-01 2.201560748834130443e-01
1.960858278570602797e+00 4.773174826106377777e-01 1.480254033479242448e-01 1.381105343048408818e-01 7.704071361831280607e-01 2.396617261375797447e-01 2.191012384387718281e-01
1.997078703871894456e+00 4.635999764185796401e-01 1.437713387871601967e-01 1.341414106533183048e-01 7.665971831618985100e-01 2.384765087704421305e-01 2.180177004156422793e-01
2.033968182731693553e+00 4.501799935041765899e-01 1.396095419617813804e-01 1.302583745647742930e-01 7.626847911931042834e-01 2.372594242335394066e-01 2.169050290950368387e-01
2.071539073720072732e+00 4.370566575524096886e-01 1.355397411095145555e-01 1.264611724798070935e-01 7.586685004775957086e-01 2.360100184059686912e-01 2.157628093149115411e-01
2.109803963691152084e+00 4.242287419439938478e-01 1.315615558319435108e-01 1.227494494794137969e-01 7.545469155592595678e-01 2.347278571829498617e-01 2.145906442121684465e-01
2.148775671999898496e+00 4.116946878062774928e-01 1.276745026924430149e-01 1.191227545079708294e-01 7.503187116300831239e-01 2.334125284372314812e-01 2.133881570157963870e-01
2.188467254796815809e+00 3.994526222040416519e-01 1.238780008574977831e-01 1.155805456366924000e-01 7.459826409998817631e-01 2.320636440317248583e-01 2.121549928868370349e-01
2.228892009401964636e+00 3.875003763793257727e-01 1.201713777532267269e-01 1.121221953412750993e-01 7.415375397132850654e-01 2.306808418779440206e-01 2.108908208002385765e-01
2.270063478759780651e+00 3.758355039554415189e-01 1.165538747107998097e-01 1.087469957691810096e-01 7.369823342942822819e-01 2.292637880341308332e-01 2.095953354629773724e-01
2.311995455976174174e+00 3.644552990265594872e-01 1.130246525763699550e-01 1.054541639738105774e-01 7.323160485962285637e-01 2.278121788361846534e-01 2.082682592621806217e-01
2.354701988939461810e+00 3.533568140605483077e-01 1.095827972630903369e-01 1.022428470946414869e-01 7.275378107328132060e-01 2.263257430537805037e-01 2.069093442362683888e-01
2.398197385026606288e+00 3.425368775491139384e-01 1.062273252247646627e-01 9.911212746424880038e-02 7.226468600630564509e-01 2.248042440632921357e-01 2.055183740614652255e-01
2.442496215896438283e+00 3.319921113455515105e-01 1.029571888326200613e-01 9.606102762493795577e-02 7.176425542009531311e-01 2.232474820283840145e-01 2.040951660453175220e-01
2.487613322371391877e+00 3.217189476366918433e-01 9.977128163863693833e-02 9.308851523953004525e-02 7.125243760179968966e-01 2.216552960783885751e-01 2.026395731181910298e-01
2.533563819409419882e+00 3.117136455016786267e-01 9.666844351074607711e-02 9.019350788260221963e-02 7.072919406044586577e-01 2.200275664738512438e-01 2.011514858130333261e-01
2.580363101167747253e+00 3.019723070161455247e-01 9.364746562704684418e-02 8.737487770018592670e-02 7.019450021530315720e-01 2.183642167479268315e-01 1.996308342230599386e-01
2.628026846160162577e+00 2.924908928660455709e-01 9.070709531795836944e-02 8.463145592758758440e-02 6.964834607263088451e-01 2.166652158116359472e-01 1.980775899264041184e-01
2.676571022509572906e+00 2.832652374408540785e-01 8.784604074691332309e-02 8.196203725656631134e-02 6.909073688675648750e-01 2.149305800103773478e-01 1.964917678661982636e-01
2.726011893297583200e+00 2.742910633810528576e-01 8.506297542181590066e-02 7.936538404460974361e-02 6.852169380124961684e-01 2.131603751185208728e-01 1.948734281740549523e-01
2.776366022012889623e+00 2.655639955597087210e-01 8.235654253099958244e-02 7.684023036046555566e-02 6.794125446579930561e-01 2.113547182584172845e-01 1.932226779244428094e-01
2.827650278100314551e+00 2.570795744825679074e-01 7.972535909885669625e-02 7.438528586142384436e-02 6.734947362426708661e-01 2.095137797297398907e-01 1.915396728070903887e-01
2.879881842612344922e+00 2.488332690953862225e-01 7.716801995763922228e-02 7.199923949908265675e-02 6.674642366928585924e-01 2.076377847347550820e-01 1.898246187042501587e-01
2.933078213965059522e+00 2.408204889912013980e-01 7.468310153317114786e-02 6.968076305149062399e-02 6.613219515870272236e-01 2.057270149848980934e-01 1.880777731594389657e-01
2.987257213800381894e+00 2.330365960139237358e-01 7.226916544334602288e-02 6.742851448061415454e-02 6.550689728912894028e-01 2.037818101739113374e-01 1.862994467242039542e-01
3.042436992956617292e+00 2.254769152579814695e-01 6.992476190933122338e-02 6.524114111505507907e-02 6.487065832186609260e-01 2.018025693028357437e-01 1.844900041694392812e-01
3.098636037549274747e+00 2.181367454668047268e-01 6.764843298033854091e-02 6.311728265882537992e-02 6.422362595652402195e-01 1.997897518422784291e-01 1.826498655479440458e-01
3.155873175164216615e+00 2.110113688356848038e-01 6.543871557368119429e-02 6.105557402777642140e-02 6.356596764773985164e-01 1.977438787176761248e-01 1.807795070951616623e-01
3.214167581165200627e+00 2.040960602270001645e-01 6.329414433259425432e-02 5.905464801600124325e-02 6.289787086054785537e-01 1.956655331037116530e-01 1.788794619554399112e-01
3.273538785117937611e+00 1.973860958079794725e-01 6.121325430497215336e-02 5.711313779514773370e-02 6.221954326013922065e-01 1.935553610146266701e-01 1.769503207217065777e-01
3.334006677332808977e+00 1.908767611230813843e-01 5.919458344676981065e-02 5.522967925013982926e-02 6.153121283199274316e-01 1.914140716779298979e-01 1.749927317771123869e-01
3.395591515528443072e+00 1.845633586147243932e-01 5.723667495432788188e-02 5.340291315528039595e-02 6.083312792864810081e-01 1.892424376799023422e-01 1.730074014280545969e-01
3.458313931618377080e+00 1.784412146075142203e-01 5.533807943031553156e-02 5.163148719511950757e-02 6.012555723973701527e-01 1.870412948723677027e-01 1.709950938189465086e-01
3.522194938623080862e+00 1.725056857723071269e-01 5.349735688836364245e-02 4.991405783481170366e-02 5.940878968228153756e-01 1.848115420314280222e-01 1.689566306202283652e-01
3.587255937709648457e+00 1.667521650874217165e-01 5.171307860175040905e-02 4.824929204497896418e-02 5.868313420871025254e-01 1.825541402602322560e-01 1.668928904823713255e-01
3.653518725361565522e+00 1.611760873150960838e-01 4.998382880175850085e-02 4.663586888630624760e-02 5.794891953053233902e-01 1.802701121293684428e-01 1.648048082500165323e-01
3.721005500680837574e+00 1.557729340118992334e-01 4.830820623150010318e-02 4.507248095929167198e-02 5.720649375614279553e-01 1.779605405501340498e-01 1.626933739319010863e-01
3.789738872825076488e+00 1.505382380922238861e-01 4.668482556114554594e-02 4.355783572467986087e-02 5.645622394180047632e-01 1.756265673776958303e-01 1.605596314238563194e-01
3.859741868581926916e+00 1.454675879642981506e-01 4.511231867058053402e-02 4.209065670020309402e-02 5.569849555543013864e-01 1.732693917430647157e-01 1.584046769838737267e-01
3.931037940083407012e+00 1.405566312582886002e-01 4.358933580556478837e-02 4.066968453929961647e-02 5.493371185353161934e-01 1.708902681147559943e-01 1.562296574600525734e-01
4.003650972662756047e+00 1.358010781661073696e-01 4.211454661347097117e-02 3.929367799747221501e-02 5.416229317213778760e-01 1.684905040930718689e-01 1.540357682741032574e-01
4.077605292856404162e+00 1.311967044124478510e-01 4.068664106466392261e-02 3.796141479194750645e-02 5.338467613343603757e-01 1.660714579420264903e-01 1.518242511649967597e-01
4.152925676553750556e+00 1.267393538764026717e-01 3.930433026551585773e-02 3.667169236022765899e-02 5.260131277034862940e-01 1.636345358660547533e-01 1.495963916992870679e-01
4.229637357297492350e+00 1.224249408827509100e-01 3.796634716898499018e-02 3.542332852306120938e-02 5.181266957204914148e-01 1.611811890407685022e-01 1.473535165565750260e-01
4.307766034737262828e+00 1.182494521816689903e-01 3.667144718856731045e-02 3.421516205725222415e-02 5.101922645406603563e-01 1.587129104091175025e-01 1.450969906004859755e-01
4.387337883239431413e+00 1.142089486352157734e-01 3.541840872131946094e-02 3.304605318362185962e-02 5.022147565728096730e-01 1.562312312563581829e-01 1.428282137474158331e-01
4.468379560655935556e+00 1.102995666284915521e-01 3.420603358549903494e-02 3.191488397529315679e-02 4.941992058076283834e-01 1.537377175792067896e-01 1.405486176470786552e-01
4.550918217255094156e+00 1.065175192228722395e-01 3.303314737823073721e-02 3.082055869132731274e-02 4.861507455397674482e-01 1.512339662664048401e-01 1.382596621906034828e-01
4.634981504817383247e+00 1.028590970681771410e-01 3.189859975842211648e-02 2.976200404058573779e-02 4.780745955446676909e-01 1.487216011096896828e-01 1.359628318634961142e-01
4.720597585899227511e+00 9.932066909007920830e-02 3.080126465999948049e-02 2.873816938051100556e-02 4.699760487761956984e-01 1.462022686657258874e-01 1.336596319622228579e-01
4.807795143267911797e+00 9.589868296846962292e-02 2.974004044035152838e-02 2.774802685535678048e-02 4.618604576557112651e-01 1.436776339909925926e-01 1.313515846944375287e-01
4.896603389510771898e+00 9.258966542189794868e-02 2.871384996868084349e-02 2.679057147819868812e-02 4.537332200271060878e-01 1.411493762728491808e-01 1.290402251839571357e-01
4.987052076821878011e+00 8.939022231261697926e-02 2.772164065881538991e-02 2.586482116085135619e-02 4.455997648556251911e-01 1.386191843810417601e-01 1.267270974024440888e-01
5.079171506969503369e+00 8.629703858615456191e-02 2.676238445083901213e-02 2.496981669562996220e-02 4.374655377508406273e-01 1.360887523647406061e-01 1.244137500503929017e-01
5.172992541447704262e+00 8.330687805878836394e-02 2.583507774579725524e-02 2.410462169260954579e-02 4.293359863960201639e-01 1.335597749208574658e-01 1.221017324103533253e-01
5.268546611815415837e+00 8.041658306574955839e-02 2.493874129759191677e-02 2.326832247581611668e-02 4.212165459672944090e-01 1.310339428598417677e-01 1.197925901953533767e-01
5.365865730226533792e+00 7.762307398255760549e-02 2.407242006618502683e-02 2.246002794137247349e-02 4.131126246265714452e-01 1.285129385955168790e-01 1.174878614151329548e-01
5.464982500154500045e+00 7.492334863155236668e-02 2.323518303628079040e-02 2.167886938023527721e-02 4.050295891722042185e-01 1.259984316858455133e-01 1.151890722818802448e-01
5.565930127314993925e+00 7.231448158561983031e-02 2.242612300597495584e-02 2.092400026743225505e-02 3.969727509311812286e-01 1.234920744519820146e-01 1.128977331755860458e-01
5.668742430790367770e+00 6.979362338141004152e-02 2.164435635046095541e-02 2.019459601874798449e-02 3.889473519765981324e-01 1.209954977039078838e-01 1.106153346863712472e-01
5.773453854359631876e+00 6.735799965534422507e-02 2.088902276717816836e-02 1.948985371412219336e-02 3.809585517550620470e-01 1.185103066028880270e-01 1.083433437466426730e-01
5.880099478037609906e+00 6.500491021796500624e-02 2.015928501116821120e-02 1.880899178426614915e-02 3.730114142119526077e-01 1.160380766949669629e-01 1.060831998583899871e-01
5.988715029827348602e+00 6.273172808658264432e-02 1.945432863373772192e-02 1.815124965218449515e-02 3.651108955104922504e-01 1.135803501574811913e-01 1.038363114081026772e-01
6.099336897689572545e+00 6.053589850462968991e-02 1.877336174560416404e-02 1.751588731274748845e-02 3.572618324580186244e-01 1.111386323154852640e-01 1.016040520395470881e-01
6.212002141733226068e+00 5.841493799177717439e-02 1.811561484024180879e-02 1.690218481819925900e-02 3.494689317879120516e-01 1.087143885131444943e-01 9.938775701527063910e-02
6.326748506631219016e+00 5.636643349796116587e-02 1.748034074005678368e-02 1.630944160964456491e-02 3.417367605139010056e-01 1.063090414779040149e-01 9.718871942683704468e-02
6.443614434265490409e+00 5.438804178837261527e-02 1.686681477747577207e-02 1.573697558355378889e-02 3.340697377039322236e-01 1.039239694140395021e-01 9.500818598446675312e-02
6.562639076605665700e+00 5.247748928701559401e-02 1.627433541516855320e-02 1.518412168766385129e-02 3.264721282685527637e-01 1.015605052475405667e-01 9.284735187763604181e-02
6.683862308825593956e+00 5.063257279514431219e-02 1.570222568217561482e-02 1.465022966349900646e-02 3.189480398290860941e-01 9.921993779380022804e-02 9.070735375116617538e-02
6.807324742662175687e+00 4.885116185782374665e-02 1.514983612890133391e-02 1.413466021821827012e-02 3.115014246267691078e-01 9.690351628300461484e-02 8.858925899713226970e-02
6.933067740020947056e+00 4.713120423277874366e-02 1.461655062601543292e-02 1.363677827072331400e-02 3.041360901508748382e-01 9.461246094704162113e-02 8.649404795275728031e-02
7.061133426832990168e+00 4.548484193795947900e-02 1.408149585361841150e-02 1.314183597827531941e-02 2.968557254781911681e-01 9.234798481915518220e-02 8.442258249383316482e-02
7.191564707167791504e+00 4.388153804679674475e-02 1.350295060714669024e-02 1.267784572009616334e-02 2.896639567681356109e-01 9.011133665992129838e-02 8.237554848567746335e-02
7.324405277606802045e+00 4.233421271018208976e-02 1.288256076226889160e-02 1.222944522399097012e-02 2.825644580297182462e-01 8.790388427538439742e-02 8.035334772328261987e-02
7.459699641882497012e+00 4.084407366939757367e-02 1.239568254079633988e-02 1.179307087000106002e-02 2.755611683976795234e-01 8.572727603347995995e-02 7.835589154834088355e-02
7.597493125787839752e+00 3.948879002564539831e-02 1.165017716858212163e-02 1.137904163231891891e-02 2.686587174360811625e-01 8.358375549625757239e-02 7.638220141567814148e-02
7.737831892361157315e+00 3.822367421821343952e-02 1.100548492703572537e-02 1.091504518699142057e-02 2.618632616200078367e-01 8.042639132455417506e-02 7.442962686264636973e-02
7.880762957351496567e+00 3.720246003678213259e-02 1.062628996478954049e-02 1.061876640172206704e-02 2.552786148023439283e-01 7.692387386771151747e-02 7.239782560213409157e-02
8.026334204969664654e+00 3.639073092450908348e-02 1.009918511256010024e-02 1.007165038842246924e-02 2.487333667793541758e-01 7.380689733343911985e-02 7.046186789067579448e-02
8.174594403930207420e+00 3.557002030924252128e-02 9.645812581936655250e-03 9.852342854116555304e-03 2.428880662564101844e-01 7.006244650952719866e-02 6.906180833047603773e-02
8.325593223789717001e+00 3.532489873386029933e-02 9.664598841833738074e-03 9.839386208653676247e-03 2.374798898007016712e-01 6.720007125845059437e-02 6.705392378789049035e-02
8.479381251586930901e+00 3.473994512141231894e-02 8.925792040389346482e-03 1.037630987443414338e-02 2.330786725822630578e-01 6.424507470918627838e-02 6.481708262906732410e-02
8.636010008790211856e+00 3.486028911827409454e-02 8.874595174042845119e-03 1.060328380861224468e-02 2.300639108008746825e-01 6.183072423824487185e-02 6.271709288995364062e-02
8.795531968558043090e+00 3.505802735015886573e-02 8.758480588349056017e-03 1.277416448471067889e-02 2.287232697225086708e-01 6.143091023088370628e-02 6.260068580433414409e-02
8.958000573318461335e+00 3.606328370589410165e-02 9.138004352463667546e-03 2.631855775727554025e-02 2.282669182506344985e-01 6.012841538611049530e-02 6.664051234536400026e-02
9.123470252673017811e+00 3.783226288188802633e-02 1.019627097802902962e-02 6.203430001764254076e-02 2.283782179169650539e-01 5.669995389668891494e-02 6.999227689966019961e-02
9.291996441631656722e+00 4.027294043916901378e-02 1.176058017778475184e-02 1.419390476607456097e-01 2.333450970512856715e-01 5.797838935918411818e-02 7.318294754263424129e-02
9.463635599184300418e+00 4.669477524068198215e-02 1.672207315266779556e-02 3.029838222576368145e-01 2.379704406421480900e-01 5.740477401250060341e-02 1.181034475786492954e-01
9.638445227215537869e+00 6.786415005890034102e-02 3.572470042618262898e-02 6.405133971853262942e-01 2.475541806750650164e-01 6.200134151567837648e-02 3.160314515835918603e-01
9.816483889768672810e+00 1.141085629238251381e-01 7.876977751646663251e-02 1.319396714750490140e+00 2.676570930629972311e-01 7.614647435163091060e-02 7.182047972743043074e-01
9.997811232665624104e+00 2.215245153000455214e-01 1.809412920574578754e-01 2.603612099820500791e+00 2.970013901310837312e-01 9.290304311652833325e-02 1.571274204154441412e+00
1.018248800348924377e+01 4.570658168551697820e-01 4.009365155338757702e-01 4.781977282333439661e+00 4.073208853718755518e-01 1.904052988927952272e-01 3.177223539625007920e+00
1.037057607193472641e+01 9.660870418420461903e-01 8.738343445395134745e-01 7.776935261494879015e+00 6.751077406280643345e-01 4.369625667269777525e-01 5.761363341761796875e+00
1.056213845053696510e+01 2.041645220115001713e+00 1.863553197634885361e+00 1.069699396632670840e+01 1.268256813377813152e+00 9.936431767410455196e-01 9.084897302682037434e+00
1.075723931578075643e+01 4.152673681951736029e+00 3.777147530337410686e+00 1.222132414429203706e+01 2.555229806689971461e+00 2.196862414899710458e+00 1.197159316342856172e+01
1.095594402960096225e+01 7.740280204326214886e+00 6.914750632838989830e+00 1.152630871284184266e+01 5.050432966458480166e+00 4.463785812150684151e+00 1.309241260838777521e+01
1.115831916127981494e+01 1.315228732440584736e+01 1.123727139191033686e+01 9.287767579979625765e+00 9.561614444931510803e+00 8.440719953306221157e+00 1.217499355065768185e+01
1.136443250974869379e+01 1.847012091106271470e+01 1.431206600474901158e+01 5.751978922571609587e+00 1.508972699433408593e+01 1.272640262414469881e+01 8.843562975351737521e+00
1.157435312630185997e+01 2.280355514121297134e+01 1.446954754199430937e+01 3.057411360979870096e+00 2.053447806363662664e+01 1.555019594745750844e+01 5.152427113529480351e+00
1.178815133772976154e+01 2.606918596588115733e+01 1.155056443685086798e+01 1.466707343541333586e+00 2.473133832393547848e+01 1.497287719315854382e+01 2.706303603429482507e+00
1.200589876987963045e+01 2.849492160978287103e+01 7.201649524626834165e+00 7.701315468284839483e-01 2.790473276554139659e+01 1.132729847029276726e+01 1.278430586031927163e+00
1.222766837165130482e+01 3.047892490443314983e+01 3.624219927204620717e+00 5.901867507570202065e-01 3.024882829481427393e+01 6.570487293983024557e+00 7.566028009812448829e-01
1.245353443943628236e+01 3.242551231505943576e+01 1.537947463792541214e+00 5.377472184435063696e-01 3.230573207444147243e+01 3.153967601154906930e+00 6.011057570428448571e-01
1.268357264200820822e+01 3.443050890499889505e+01 6.969235663307458140e-01 5.248694185553901548e-01 3.435416776076898770e+01 1.263904516621998653e+00 5.557629939450379197e-01
1.291786004587314096e+01 3.651176135965203429e+01 5.518187977492559071e-01 5.256752891043134923e-01 3.647367555760085622e+01 6.871561409847828372e-01 5.538858616616266772e-01
1.315647514108806071e+01 3.868799367434804992e+01 5.372561461372171721e-01 5.502533980459389795e-01 3.866126685005225028e+01 5.770804899572894442e-01 5.462276402435151113e-01
1.339949786755631678e+01 4.096140176262714760e+01 5.444912383348139429e-01 5.538467451027599964e-01 4.095573239203760352e+01 5.582721990172956339e-01 5.685296060416575870e-01
1.364700964180877918e+01 4.333166767951912846e+01 5.670325315916144859e-01 5.968981700210846952e-01 4.334879414128990049e+01 5.720493564874757908e-01 5.890851329588144836e-01
1.389909338427965935e+01 4.582356258172634966e+01 6.029211018288265223e-01 6.483448100799975578e-01 4.585483316488489436e+01 5.956370505842585317e-01 6.364075186234714465e-01
1.415583354708630814e+01 4.844743358905154196e+01 6.363646194185577087e-01 6.884172755772581809e-01 4.848541298873189476e+01 6.244406169632199521e-01 6.833332263386893146e-01
1.441731614232185876e+01 5.122161309151842090e+01 6.748467500597428170e-01 7.438173306601996160e-01 5.126341804319294937e+01 6.640257226016643699e-01 7.317098134841160118e-01
1.468362877087079355e+01 5.415252391362786000e+01 7.134284926025102891e-01 7.869188906272484019e-01 5.419814188148426126e+01 7.009426294174190275e-01 7.719945823788947337e-01
1.495486065175660606e+01 5.725139322753404514e+01 7.542197441075941811e-01 8.319337079720412476e-01 5.729988501420641001e+01 7.413535416835159708e-01 8.158715752496590312e-01
1.523110265203162683e+01 6.052787526207490032e+01 7.973636281107943091e-01 8.795467445246103466e-01 6.057924481774747960e+01 7.838892452734071981e-01 8.624554091184393201e-01
1.551244731721893899e+01 6.399210513347114215e+01 8.429925984032209385e-01 9.298869935352769289e-01 6.404645104951414680e+01 8.287923596591824094e-01 9.117785565181435459e-01
1.579898890231663167e+01 6.765476790497575621e+01 8.912398226381981203e-01 9.831103674101058232e-01 6.771223695113428676e+01 8.762425264467452735e-01 9.639519909400746656e-01
1.609082340337472772e+01 7.152715345039098338e+01 9.422512781430327777e-01 1.039381155892471043e+00 7.158791614634600364e+01 9.264009066538108073e-01 1.019121627529855800e+00
1.638804858965543332e+01 7.562119194570885838e+01 9.961831507725236179e-01 1.098872802481565714e+00 7.568543396730638051e+01 9.794273142041589608e-01 1.077452148393959419e+00
1.669076403638738881e+01 7.994949075589951804e+01 1.053201183330898516e+00 1.161768537069022500e+00 8.001741023251881302e+01 1.035486875701536746e+00 1.139121343706392508e+00
1.699907115812499114e+01 8.452537318461588711e+01 1.113480773233774812e+00 1.228261974085143038e+00 8.459718015643396427e+01 1.094752776215955237e+00 1.204318419023323372e+00
1.731307324272390602e+01 8.936291933888114158e+01 1.177207364225097308e+00 1.298557718768037716e+00 8.943883600439662018e+01 1.157407585625279012e+00 1.273243780138997749e+00
1.763287548594415455e+01 9.447700928196795189e+01 1.244576963907675804e+00 1.372871998556348672e+00 9.455727054473179294e+01 1.223644094496108892e+00 1.346109370844331465e+00
1.795858502669239343e+01 9.988336862247089698e+01 1.315796726997348287e+00 1.451433327026805387e+00 9.996822276576111221e+01 1.293665998659179195e+00 1.423139228327386263e+00
1.829031098291518376e+01 1.055986166831131214e+02 1.391085584119480245e+00 1.534483204336737572e+00 1.056883261151628801e+02 1.367688554341114582e+00 1.504570138210056029e+00
1.862816448815524595e+01 1.116403173963986717e+02 1.470674910408973801e+00 1.622276856961690328e+00 1.117351594484793083e+02 1.445939247498230884e+00 1.590652349560443213e+00
1.897225872878300024e+01 1.180270330810286055e+02 1.554809233334026430e+00 1.715084019185667330e+00 1.181273008542654566e+02 1.528658493531864337e+00 1.681650337882970803e+00
1.932270898191582731e+01 1.247783812612860714e+02 1.643746981013720188e+00 1.813189758775138216e+00 1.248843845226874976e+02 1.616100374194701317e+00 1.777843613686002300e+00
1.967963265403774287e+01 1.319150947007418608e+02 1.737761273006725560e+00 1.916895349350568267e+00 1.320271608305139353e+02 1.708533415433947766e+00 1.879527577541949768e+00
