# w/T rho/wT^3(C=1) err_low err_up rho/wT^3(C=5) err_low err_up
9.999999999999999124e-05 3.598705799974327935e+00 1.079787418497376361e+00 1.092762693164805565e+00 1.393480044136352625e+00 4.185172805673815777e-01 4.149262248005771703e-01
1.018471720112120935e-04 3.598705798632924502e+00 1.079787418092393203e+00 1.092762692757215159e+00 1.393480044115693595e+00 4.185172805611222513e-01 4.149262247944351945e-01
1.037284644668142597e-04 3.598705797241509075e+00 1.079787417672303018e+00 1.092762692334428465e+00 1.393480044094265402e+00 4.185172805546296670e-01 4.149262247880642906e-01
1.056445076301053434e-04 3.598705795798217810e+00 1.079787417236543146e+00 1.092762691895876603e+00 1.393480044072039181e+00 4.185172805478943880e-01 4.149262247814566873e-01
1.075959434064314822e-04 3.598705794301118033e+00 1.079787416784528276e+00 1.092762691440972489e+00 1.393480044048985178e+00 4.185172805409077545e-01 4.149262247746030585e-01
1.095834255582346992e-04 3.598705792748201127e+00 1.079787416315651782e+00 1.092762690969106387e+00 1.393480044025072973e+00 4.185172805336609958e-01 4.149262247674936344e-01
1.116076199240738571e-04 3.598705791137386534e+00 1.079787415829285280e+00 1.092762690479645471e+00 1.393480044000269924e+00 4.185172805261428985e-01 4.149262247601206433e-01
1.136692046416912190e-04 3.598705789466517313e+00 1.079787415324776401e+00 1.092762689971934709e+00 1.393480043974543836e+00 4.185172805183452471e-01 4.149262247524720948e-01
1.157688703751999526e-04 3.598705787733353034e+00 1.079787414801447465e+00 1.092762689445293312e+00 1.393480043947859626e+00 4.185172805102560512e-01 4.149262247445395513e-01
1.179073205464670768e-04 3.598705785935571555e+00 1.079787414258598144e+00 1.092762688899015622e+00 1.393480043920181988e+00 4.185172805018650966e-01 4.149262247363112444e-01
1.200852715707715533e-04 3.598705784070764579e+00 1.079787413695499243e+00 1.092762688332367560e+00 1.393480043891473397e+00 4.185172804931610591e-01 4.149262247277774041e-01
1.223034530968148802e-04 3.598705782136431441e+00 1.079787413111394478e+00 1.092762687744591066e+00 1.393480043861696327e+00 4.185172804841326144e-01 4.149262247189251518e-01
1.245626082511651648e-04 3.598705780129981768e+00 1.079787412505500921e+00 1.092762687134898769e+00 1.393480043830810367e+00 4.185172804747667730e-01 4.149262247097431633e-01
1.268634938872164784e-04 3.598705778048725712e+00 1.079787411877006775e+00 1.092762686502473102e+00 1.393480043798774437e+00 4.185172804650515443e-01 4.149262247002198922e-01
1.292068808387468947e-04 3.598705775889875724e+00 1.079787411225068272e+00 1.092762685846464521e+00 1.393480043765545906e+00 4.185172804549740500e-01 4.149262246903422380e-01
1.315935541781604182e-04 3.598705773650537232e+00 1.079787410548810112e+00 1.092762685165997283e+00 1.393480043731079920e+00 4.185172804445201900e-01 4.149262246800968779e-01
1.340243134794986285e-04 3.598705771327710412e+00 1.079787409847326352e+00 1.092762684460157008e+00 1.393480043695330961e+00 4.185172804336765306e-01 4.149262246694698231e-01
1.364999730863110958e-04 3.598705768918282644e+00 1.079787409119675523e+00 1.092762683727998230e+00 1.393480043658250844e+00 4.185172804224278620e-01 4.149262246584475289e-01
1.390213623844733365e-04 3.598705766419024954e+00 1.079787408364880630e+00 1.092762682968539956e+00 1.393480043619790276e+00 4.185172804107597511e-01 4.149262246470148963e-01
1.415893260800450888e-04 3.598705763826588466e+00 1.079787407581930037e+00 1.092762682180763001e+00 1.393480043579898187e+00 4.185172803986564327e-01 4.149262246351561600e-01
1.442047244822595206e-04 3.598705761137498627e+00 1.079787406769773028e+00 1.092762681363611321e+00 1.393480043538520396e+00 4.185172803861010316e-01 4.149262246228562212e-01
1.468684337917413555e-04 3.598705758348152539e+00 1.079787405927319810e+00 1.092762680515992901e+00 1.393480043495602061e+00 4.185172803730768942e-01 4.149262246100993146e-01
1.495813463940479700e-04 3.598705755454813193e+00 1.079787405053441507e+00 1.092762679636767764e+00 1.393480043451086114e+00 4.185172803595670343e-01 4.149262245968670104e-01
1.523443711586330471e-04 3.598705752453601470e+00 1.079787404146964391e+00 1.092762678724759517e+00 1.393480043404913049e+00 4.185172803455532442e-01 4.149262245831422113e-01
1.551584337433323962e-04 3.598705749340498361e+00 1.079787403206673435e+00 1.092762677778743363e+00 1.393480043357020692e+00 4.185172803310162060e-01 4.149262245689064876e-01
1.580244769044743161e-04 3.598705746111328985e+00 1.079787402231306093e+00 1.092762676797455867e+00 1.393480043307345984e+00 4.185172803159368238e-01 4.149262245541407435e-01
1.609434608127180964e-04 3.598705742761769244e+00 1.079787401219555409e+00 1.092762675779577641e+00 1.393480043255821643e+00 4.185172803002945585e-01 4.149262245388263270e-01
1.639163633747267460e-04 3.598705739287328953e+00 1.079787400170062028e+00 1.092762674723745775e+00 1.393480043202379060e+00 4.185172802840685380e-01 4.149262245229417001e-01
1.669441805607814206e-04 3.598705735683354057e+00 1.079787399081420851e+00 1.092762673628545400e+00 1.393480043146947178e+00 4.185172802672368908e-01 4.149262245064651022e-01
1.700279267384475687e-04 3.598705731945012420e+00 1.079787397952168604e+00 1.092762672492507914e+00 1.393480043089451836e+00 4.185172802497774125e-01 4.149262244893756613e-01
1.731686350124044145e-04 3.598705728067296938e+00 1.079787396780792275e+00 1.092762671314110534e+00 1.393480043029816207e+00 4.185172802316662333e-01 4.149262244716507286e-01
1.763673575705514292e-04 3.598705724045010435e+00 1.079787395565719788e+00 1.092762670091774524e+00 1.393480042967961019e+00 4.185172802128792613e-01 4.149262244532654353e-01
1.796251660365090204e-04 3.598705719872762998e+00 1.079787394305320891e+00 1.092762668823860750e+00 1.393480042903802785e+00 4.185172801933908504e-01 4.149262244341962447e-01
1.829431518286286625e-04 3.598705715544963546e+00 1.079787392997904494e+00 1.092762667508671015e+00 1.393480042837256239e+00 4.185172801731752434e-01 4.149262244144173994e-01
1.863224265256363662e-04 3.598705711055814493e+00 1.079787391641717775e+00 1.092762666144440065e+00 1.393480042768232785e+00 4.185172801522047958e-01 4.149262243939024764e-01
1.897641222390291282e-04 3.598705706399297988e+00 1.079787390234939970e+00 1.092762664729343136e+00 1.393480042696640275e+00 4.185172801304525292e-01 4.149262243726239419e-01
1.932693919923508059e-04 3.598705701569176796e+00 1.079787388775685919e+00 1.092762663261479972e+00 1.393480042622382564e+00 4.185172801078879123e-01 4.149262243505535963e-01
1.968394101074733211e-04 3.598705696558976541e+00 1.079787387261994969e+00 1.092762661738884589e+00 1.393480042545361064e+00 4.185172800844813024e-01 4.149262243276623519e-01
2.004753725980135668e-04 3.598705691361983483e+00 1.079787385691838519e+00 1.092762660159515065e+00 1.393480042465472746e+00 4.185172800602011689e-01 4.149262243039186782e-01
2.041784975700172613e-04 3.598705685971235191e+00 1.079787384063110700e+00 1.092762658521255759e+00 1.393480042382610584e+00 4.185172800350145383e-01 4.149262242792914890e-01
2.079500256300439987e-04 3.598705680379505889e+00 1.079787382373623039e+00 1.092762656821910650e+00 1.393480042296664667e+00 4.185172800088881040e-01 4.149262242537485879e-01
2.117912203007905685e-04 3.598705674579305125e+00 1.079787380621112902e+00 1.092762655059201116e+00 1.393480042207519531e+00 4.185172799817866718e-01 4.149262242272548917e-01
2.157033684443911310e-04 3.598705668562859561e+00 1.079787378803227504e+00 1.092762653230766379e+00 1.393480042115056605e+00 4.185172799536734933e-01 4.149262241997746514e-01
2.196877806935376340e-04 3.598705662322106758e+00 1.079787376917528796e+00 1.092762651334151069e+00 1.393480042019152432e+00 4.185172799245111541e-01 4.149262241712727839e-01
2.237457918905616896e-04 3.598705655848683627e+00 1.079787374961485469e+00 1.092762649366821215e+00 1.393480041919678447e+00 4.185172798942600192e-01 4.149262241417097652e-01
2.278787615346290199e-04 3.598705649133917106e+00 1.079787372932473843e+00 1.092762647326130931e+00 1.393480041816502313e+00 4.185172798628802315e-01 4.149262241110474037e-01
2.320880742371934642e-04 3.598705642168809948e+00 1.079787370827773429e+00 1.092762645209350847e+00 1.393480041709486583e+00 4.185172798303291586e-01 4.149262240792432888e-01
2.363751401858640963e-04 3.598705634944026954e+00 1.079787368644558931e+00 1.092762643013639234e+00 1.393480041598487595e+00 4.185172797965627245e-01 4.149262240462563422e-01
2.407413956168407375e-04 3.598705627449888311e+00 1.079787366379902025e+00 1.092762640736057556e+00 1.393480041483358134e+00 4.185172797615365203e-01 4.149262240120419332e-01
2.451883032960764297e-04 3.598705619676352274e+00 1.079787364030764696e+00 1.092762638373550477e+00 1.393480041363943656e+00 4.185172797252024735e-01 4.149262239765543203e-01
2.497173530093273848e-04 3.598705611613001398e+00 1.079787361593995687e+00 1.092762635922953418e+00 1.393480041240085399e+00 4.185172796875126222e-01 4.149262239397466523e-01
2.543300620612554261e-04 3.598705603249030993e+00 1.079787359066324282e+00 1.092762633380977455e+00 1.393480041111617496e+00 4.185172796484154523e-01 4.149262239015689691e-01
2.590279757837492649e-04 3.598705594573234912e+00 1.079787356444361635e+00 1.092762630744218200e+00 1.393480040978368972e+00 4.185172796078594493e-01 4.149262238619717547e-01
2.638126680536359439e-04 3.598705585573985566e+00 1.079787353724587895e+00 1.092762628009142034e+00 1.393480040840161749e+00 4.185172795657892131e-01 4.149262238209003861e-01
2.686857418199546459e-04 3.598705576239225046e+00 1.079787350903354870e+00 1.092762625172082558e+00 1.393480040696811528e+00 4.185172795221488995e-01 4.149262237783017948e-01
2.736488296409704318e-04 3.598705566556445135e+00 1.079787347976878475e+00 1.092762622229236591e+00 1.393480040548126464e+00 4.185172794768793336e-01 4.149262237341175830e-01
2.787035942311076164e-04 3.598705556512672210e+00 1.079787344941233851e+00 1.092762619176657068e+00 1.393480040393908936e+00 4.185172794299202303e-01 4.149262236882904631e-01
2.838517290179868235e-04 3.598705546094445928e+00 1.079787341792345590e+00 1.092762616010256593e+00 1.393480040233952444e+00 4.185172793812077519e-01 4.149262236407580406e-01
2.890949587097486808e-04 3.598705535287806789e+00 1.079787338525989515e+00 1.092762612725788784e+00 1.393480040068044268e+00 4.185172793306776162e-01 4.149262235914570329e-01
2.944350398728603395e-04 3.598705524078273932e+00 1.079787335137784687e+00 1.092762609318850942e+00 1.393480039895962364e+00 4.185172792782607676e-01 4.149262235403219368e-01
2.998737615205930378e-04 3.598705512450826483e+00 1.079787331623184521e+00 1.092762605784878716e+00 1.393480039717477137e+00 4.185172792238868178e-01 4.149262234872852506e-01
3.054129457123703627e-04 3.598705500389885792e+00 1.079787327977475009e+00 1.092762602119131898e+00 1.393480039532351444e+00 4.185172791674840465e-01 4.149262234322741438e-01
3.110544481641876798e-04 3.598705487879288789e+00 1.079787324195764064e+00 1.092762598316698863e+00 1.393480039340336818e+00 4.185172791089751820e-01 4.149262233752177842e-01
3.168001588703068323e-04 3.598705474902271995e+00 1.079787320272977968e+00 1.092762594372483242e+00 1.393480039141178128e+00 4.185172790482825089e-01 4.149262233160389002e-01
3.226520027364346006e-04 3.598705461441446651e+00 1.079787316203854708e+00 1.092762590281195934e+00 1.393480038934608922e+00 4.185172789853237596e-01 4.149262232546579998e-01
3.286119402245973181e-04 3.598705447478776076e+00 1.079787311982933762e+00 1.092762586037357320e+00 1.393480038720354308e+00 4.185172789200148902e-01 4.149262231909944809e-01
3.346819680099268036e-04 3.598705432995550346e+00 1.079787307604553881e+00 1.092762581635274621e+00 1.393480038498128071e+00 4.185172788522677489e-01 4.149262231249621902e-01
3.408641196495799789e-04 3.598705417972362319e+00 1.079787303062840209e+00 1.092762577069049001e+00 1.393480038267633780e+00 4.185172787819916307e-01 4.149262230564745302e-01
3.471604662640116160e-04 3.598705402389081431e+00 1.079787298351698510e+00 1.092762572332559134e+00 1.393480038028564127e+00 4.185172787090919444e-01 4.149262229854389084e-01
3.535731172308338569e-04 3.598705386224827940e+00 1.079787293464809839e+00 1.092762567419458541e+00 1.393480037780600256e+00 4.185172786334708794e-01 4.149262229117609557e-01
3.601042208914919805e-04 3.598705369457940950e+00 1.079787288395616329e+00 1.092762562323159603e+00 1.393480037523410875e+00 4.185172785550264063e-01 4.149262228353425286e-01
3.667559652709930407e-04 3.598705352065953100e+00 1.079787283137317644e+00 1.092762557036831339e+00 1.393480037256654036e+00 4.185172784736537199e-01 4.149262227560812644e-01
3.735305788109295885e-04 3.598705334025561697e+00 1.079787277682859425e+00 1.092762551553388306e+00 1.393480036979972692e+00 4.185172783892424642e-01 4.149262226738728021e-01
3.804303311160436157e-04 3.598705315312591413e+00 1.079787272024923528e+00 1.092762545865481716e+00 1.393480036692998247e+00 4.185172783016798403e-01 4.149262225886065636e-01
3.874575337145807368e-04 3.598705295901969414e+00 1.079787266155919134e+00 1.092762539965485225e+00 1.393480036395348787e+00 4.185172782108487199e-01 4.149262225001684179e-01
3.946145408326891799e-04 3.598705275767684508e+00 1.079787260067971211e+00 1.092762533845491379e+00 1.393480036086626850e+00 4.185172781166263123e-01 4.149262224084409034e-01
4.019037501831237416e-04 3.598705254882759608e+00 1.079787253752912068e+00 1.092762527497297409e+00 1.393480035766419878e+00 4.185172780188854968e-01 4.149262223133025618e-01
4.093276037685182199e-04 3.598705233219208210e+00 1.079787247202269818e+00 1.092762520912395452e+00 1.393480035434301989e+00 4.185172779174954893e-01 4.149262222146259393e-01
4.168885886994954802e-04 3.598705210748004646e+00 1.079787240407256821e+00 1.092762514081956127e+00 1.393480035089829983e+00 4.185172778123206205e-01 4.149262221122789196e-01
4.245892380278896722e-04 3.598705187439035669e+00 1.079787233358754150e+00 1.092762506996824534e+00 1.393480034732544226e+00 4.185172777032183378e-01 4.149262220061267215e-01
4.324321315953596188e-04 3.598705163261070705e+00 1.079787226047306703e+00 1.092762499647505603e+00 1.393480034361969100e+00 4.185172775900426467e-01 4.149262218960252380e-01
4.404198968976765155e-04 3.598705138181710783e+00 1.079787218463103660e+00 1.092762492024145882e+00 1.393480033977609889e+00 4.185172774726414469e-01 4.149262217818303622e-01
4.485552099649795974e-04 3.598705112167353448e+00 1.079787210595972269e+00 1.092762484116528654e+00 1.393480033578954336e+00 4.185172773508561983e-01 4.149262216633879952e-01
4.568407962582863809e-04 3.598705085183138142e+00 1.079787202435354310e+00 1.092762475914053955e+00 1.393480033165471088e+00 4.185172772245242534e-01 4.149262215405415954e-01
4.652794315825679980e-04 3.598705057192909340e+00 1.079787193970301651e+00 1.092762467405727467e+00 1.393480032736608809e+00 4.185172770934749709e-01 4.149262214131268500e-01
4.738739430166879932e-04 3.598705028159162378e+00 1.079787185189459819e+00 1.092762458580142759e+00 1.393480032291795512e+00 4.185172769575323803e-01 4.149262212809738948e-01
4.826272098605194371e-04 3.598704998042992820e+00 1.079787176081044464e+00 1.092762449425472404e+00 1.393480031830439003e+00 4.185172768165139612e-01 4.149262211439064263e-01
4.915421645995568349e-04 3.598704966804046279e+00 1.079787166632835582e+00 1.092762439929442664e+00 1.393480031351923998e+00 4.185172766702299763e-01 4.149262210017425900e-01
5.006217938873459752e-04 3.598704934400465572e+00 1.079787156832158868e+00 1.092762430079327718e+00 1.393480030855612339e+00 4.185172765184835830e-01 4.149262208542923158e-01
5.098691395460609385e-04 3.598704900788832539e+00 1.079787146665862174e+00 1.092762419861922574e+00 1.393480030340842557e+00 4.185172763610705005e-01 4.149262207013590942e-01
5.192872995855631751e-04 3.598704865924108098e+00 1.079787136120307522e+00 1.092762409263532852e+00 1.393480029806928977e+00 4.185172761977795641e-01 4.149262205427401984e-01
5.288794292412868315e-04 3.598704829759578949e+00 1.079787125181346674e+00 1.092762398269949031e+00 1.393480029253160390e+00 4.185172760283915050e-01 4.149262203782222436e-01
5.386487420312903321e-04 3.598704792246783857e+00 1.079787113834300261e+00 1.092762386866438451e+00 1.393480028678798055e+00 4.185172758526778392e-01 4.149262202075878481e-01
5.485985108328383453e-04 3.598704753335462136e+00 1.079787102063947124e+00 1.092762375037715117e+00 1.393480028083076805e+00 4.185172756704025332e-01 4.149262200306089721e-01
5.587320689788688845e-04 3.598704712973471942e+00 1.079787089854492788e+00 1.092762362767921935e+00 1.393480027465203275e+00 4.185172754813206719e-01 4.149262198470504703e-01
5.690528113747128722e-04 3.598704671106732533e+00 1.079787077189556577e+00 1.092762350040613839e+00 1.393480026824353679e+00 4.185172752851779032e-01 4.149262196566663174e-01
5.795641956354421684e-04 3.598704627679147450e+00 1.079787064052146750e+00 1.092762336838730697e+00 1.393480026159674257e+00 4.185172750817099940e-01 4.149262194592044928e-01
5.902697432442266176e-04 3.598704582632525018e+00 1.079787050424636075e+00 1.092762323144574665e+00 1.393480025470279049e+00 4.185172748706436074e-01 4.149262192544012073e-01
6.011730407320875014e-04 3.598704535906507740e+00 1.079787036288740953e+00 1.092762308939791094e+00 1.393480024755250568e+00 4.185172746516951925e-01 4.149262190419840124e-01
6.122777408794434538e-04 3.598704487438486588e+00 1.079787021625495225e+00 1.092762294205338769e+00 1.393480024013635798e+00 4.185172744245703180e-01 4.149262188216700231e-01
6.235875639398502125e-04 3.598704437163518399e+00 1.079787006415224848e+00 1.092762278921467711e+00 1.393480023244446420e+00 4.185172741889628956e-01 4.149262185931650304e-01
6.351062988863465271e-04 3.598704385014238838e+00 1.079786990637522592e+00 1.092762263067692530e+00 1.393480022446658584e+00 4.185172739445568446e-01 4.149262183561652773e-01
6.468378046808202818e-04 3.598704330920774019e+00 1.079786974271220057e+00 1.092762246622758227e+00 1.393480021619208697e+00 4.185172736910223179e-01 4.149262181103561264e-01
6.587860115668232007e-04 3.598704274810640591e+00 1.079786957294354810e+00 1.092762229564626431e+00 1.393480020760995641e+00 4.185172734280194762e-01 4.149262178554078417e-01
6.709549223862660812e-04 3.598704216608659134e+00 1.079786939684153069e+00 1.092762211870427880e+00 1.393480019870875886e+00 4.185172731551940473e-01 4.149262175909826933e-01
6.833486139204350681e-04 3.598704156236843588e+00 1.079786921416985734e+00 1.092762193516446878e+00 1.393480018947663712e+00 4.185172728721789914e-01 4.149262173167282963e-01
6.959712382557785857e-04 3.598704093614301769e+00 1.079786902468342191e+00 1.092762174478079551e+00 1.393480017990130104e+00 4.185172725785937242e-01 4.149262170322793875e-01
7.088270241749256061e-04 3.598704028657126130e+00 1.079786882812800553e+00 1.092762154729806312e+00 1.393480016996999638e+00 4.185172722740430062e-01 4.149262167372569365e-01
7.219202785733924623e-04 3.598703961278277852e+00 1.079786862423985916e+00 1.092762134245156780e+00 1.393480015966950036e+00 4.185172719581176093e-01 4.149262164312683687e-01
7.352553879024645777e-04 3.598703891387480702e+00 1.079786841274545495e+00 1.092762112996672919e+00 1.393480014898609731e+00 4.185172716303924290e-01 4.149262161139066762e-01
7.488368196387278856e-04 3.598703818891084261e+00 1.079786819336099768e+00 1.092762090955871734e+00 1.393480013790556526e+00 4.185172712904267067e-01 4.149262157847481980e-01
7.626691237807453096e-04 3.598703743691953338e+00 1.079786796579214059e+00 1.092762068093208416e+00 1.393480012641314270e+00 4.185172709377620315e-01 4.149262154433566163e-01
7.767569343733797494e-04 3.598703665689328979e+00 1.079786772973355902e+00 1.092762044378036812e+00 1.393480011449354183e+00 4.185172705719252262e-01 4.149262150892749634e-01
7.911049710602740138e-04 3.598703584778695674e+00 1.079786748486851522e+00 1.092762019778569016e+00 1.393480010213088649e+00 4.185172701924235739e-01 4.149262147220338370e-01
8.057180406650070329e-04 3.598703500851644144e+00 1.079786723086847644e+00 1.092761994261829628e+00 1.393480008930871872e+00 4.185172697987461499e-01 4.149262143411445170e-01
8.206010388014567435e-04 3.598703413795718564e+00 1.079786696739261753e+00 1.092761967793615785e+00 1.393480007600998327e+00 4.185172693903642660e-01 4.149262139460980769e-01
8.357589515139130475e-04 3.598703323494277129e+00 1.079786669408744348e+00 1.092761940338448312e+00 1.393480006221696321e+00 4.185172689667273627e-01 4.149262135363707138e-01
8.511968569474777412e-04 3.598703229826324623e+00 1.079786641058624319e+00 1.092761911859523316e+00 1.393480004791131099e+00 4.185172685272660065e-01 4.149262131114157537e-01
8.669199270493287536e-04 3.598703132666359217e+00 1.079786611650864092e+00 1.092761882318668221e+00 1.393480003307398185e+00 4.185172680713882265e-01 4.149262126706685372e-01
8.829334293014043464e-04 3.598703031884197490e+00 1.079786581146005009e+00 1.092761851676284923e+00 1.393480001768523380e+00 4.185172675984809576e-01 4.149262122135422004e-01
8.992427284850950222e-04 3.598702927344803904e+00 1.079786549503117588e+00 1.092761819891295616e+00 1.393480000172459210e+00 4.185172671079084861e-01 4.149262117394281191e-01
9.158532884785317539e-04 3.598702818908107837e+00 1.079786516679743347e+00 1.092761786921101042e+00 1.393479998517080931e+00 4.185172665990095631e-01 4.149262112476954645e-01
9.327706740870728109e-04 3.598702706428821507e+00 1.079786482631845512e+00 1.092761752721498780e+00 1.393479996800186749e+00 4.185172660710996251e-01 4.149262107376905373e-01
9.500005529076038140e-04 3.598702589756234360e+00 1.079786447313736630e+00 1.092761717246648168e+00 1.393479995019491824e+00 4.185172655234683514e-01 4.149262102087341031e-01
9.675486972272732446e-04 3.598702468734022553e+00 1.079786410678030606e+00 1.092761680448998796e+00 1.393479993172627385e+00 4.185172649553785540e-01 4.149262096601225025e-01
9.854209859573028699e-04 3.598702343200032239e+00 1.079786372675570316e+00 1.092761642279223899e+00 1.393479991257136064e+00 4.185172643660652891e-01 4.149262090911258749e-01
1.003623406602516342e-03 3.598702212986064630e+00 1.079786333255366326e+00 1.092761602686156408e+00 1.393479989270470565e+00 4.185172637547364127e-01 4.149262085009868262e-01
1.022162057267251341e-03 3.598702077917652176e+00 1.079786292364525391e+00 1.092761561616726773e+00 1.393479987209987669e+00 4.185172631205682503e-01 4.149262078889213168e-01
1.041043148698321845e-03 3.598701937813822305e+00 1.079786249948182508e+00 1.092761519015883032e+00 1.393479985072946903e+00 4.185172624627070403e-01 4.149262072541139990e-01
1.060273006365718531e-03 3.598701792486856732e+00 1.079786205949425426e+00 1.092761474826517087e+00 1.393479982856505872e+00 4.185172617802678241e-01 4.149262065957208812e-01
1.079858072581743296e-03 3.598701641742038326e+00 1.079786160309217369e+00 1.092761428989397210e+00 1.393479980557716935e+00 4.185172610723316700e-01 4.149262059128659974e-01
1.099804908659287803e-03 3.598701485377391762e+00 1.079786112966320211e+00 1.092761381443080992e+00 1.393479978173523204e+00 4.185172603379453404e-01 4.149262052046418514e-01
1.120120197109977702e-03 3.598701323183411738e+00 1.079786063857210987e+00 1.092761332123832752e+00 1.393479975700753659e+00 4.185172595761202929e-01 4.149262044701051977e-01
1.140810743882927176e-03 3.598701154942785863e+00 1.079786012915997517e+00 1.092761280965540927e+00 1.393479973136121375e+00 4.185172587858316806e-01 4.149262037082799282e-01
1.161883480644833235e-03 3.598700980430094898e+00 1.079785960074326034e+00 1.092761227899634147e+00 1.393479970476215746e+00 4.185172579660143555e-01 4.149262029181528533e-01
1.183345467102201462e-03 3.598700799411520990e+00 1.079785905261296364e+00 1.092761172854975094e+00 1.393479967717500489e+00 4.185172571155654220e-01 4.149262020986730359e-01
1.205203893366460412e-03 3.598700611644529701e+00 1.079785848403363335e+00 1.092761115757779677e+00 1.393479964856307873e+00 4.185172562333391300e-01 4.149262012487509033e-01
1.227466082362764369e-03 3.598700416877544050e+00 1.079785789424234643e+00 1.092761056531511343e+00 1.393479961888834495e+00 4.185172553181477628e-01 4.149262003672562482e-01
1.250139492283289808e-03 3.598700214849607892e+00 1.079785728244774035e+00 1.092760995096777155e+00 1.393479958811136399e+00 4.185172543687596391e-01 4.149261994530166753e-01
1.273231719085855850e-03 3.598700005290038639e+00 1.079785664782892063e+00 1.092760931371228317e+00 1.393479955619122634e+00 4.185172533838958930e-01 4.149261985048169343e-01
1.296750499038684451e-03 3.598699787918063997e+00 1.079785598953438175e+00 1.092760865269442050e+00 1.393479952308550374e+00 4.185172523622300300e-01 4.149261975213962561e-01
1.320703711312180275e-03 3.598699562442440936e+00 1.079785530668081250e+00 1.092760796702809678e+00 1.393479948875020469e+00 4.185172513023870389e-01 4.149261965014470199e-01
1.345099380618578313e-03 3.598699328561075550e+00 1.079785459835200356e+00 1.092760725579420278e+00 1.393479945313969903e+00 4.185172502029389507e-01 4.149261954436134214e-01
1.369945679900351964e-03 3.598699085960606503e+00 1.079785386359750632e+00 1.092760651803936334e+00 1.393479941620666684e+00 4.185172490624053943e-01 4.149261943464894742e-01
1.395250933068280848e-03 3.598698834315995576e+00 1.079785310143145605e+00 1.092760575277460511e+00 1.393479937790203627e+00 4.185172478792501538e-01 4.149261932086170113e-01
1.421023617790093813e-03 3.598698573290084912e+00 1.079785231083117747e+00 1.092760495897412643e+00 1.393479933817491689e+00 4.185172466518798373e-01 4.149261920284823546e-01
1.447272368330626080e-03 3.598698302533149374e+00 1.079785149073586137e+00 1.092760413557388510e+00 1.393479929697253095e+00 4.185172453786416558e-01 4.149261908045183134e-01
1.474005978444435953e-03 3.598698021682427139e+00 1.079785064004511685e+00 1.092760328147006632e+00 1.393479925424014443e+00 4.185172440578200925e-01 4.149261895350975227e-01
1.501233404321854681e-03 3.598697730361632985e+00 1.079784975761748367e+00 1.092760239551783030e+00 1.393479920992099386e+00 4.185172426876364593e-01 4.149261882185324435e-01
1.528963767589454391e-03 3.598697428180456015e+00 1.079784884226895780e+00 1.092760147652954927e+00 1.393479916395621077e+00 4.185172412662444552e-01 4.149261868530749187e-01
1.557206358365940870e-03 3.598697114734031643e+00 1.079784789277130841e+00 1.092760052327333753e+00 1.393479911628475509e+00 4.185172397917302778e-01 4.149261854369084013e-01
1.585970638374491854e-03 3.598696789602407797e+00 1.079784690785051460e+00 1.092759953447137278e+00 1.393479906684331526e+00 4.185172382621070719e-01 4.149261839681528397e-01
1.615266244112587533e-03 3.598696452349974706e+00 1.079784588618502017e+00 1.092759850879819972e+00 1.393479901556623268e+00 4.185172366753141526e-01 4.149261824448557956e-01
1.645102990080392086e-03 3.598696102524884921e+00 1.079784482640395282e+00 1.092759744487892704e+00 1.393479896238542848e+00 4.185172350292143406e-01 4.149261808649931105e-01
1.675490872068770461e-03 3.598695739658447579e+00 1.079784372708531226e+00 1.092759634128737112e+00 1.393479890723028358e+00 4.185172333215887441e-01 4.149261792264669069e-01
1.706440070508038467e-03 3.598695363264500013e+00 1.079784258675403397e+00 1.092759519654421307e+00 1.393479885002757879e+00 4.185172315501374252e-01 4.149261775270991492e-01
1.737960953878569213e-03 3.598694972838758499e+00 1.079784140388003966e+00 1.092759400911492040e+00 1.393479879070137928e+00 4.185172297124739593e-01 4.149261757646325322e-01
1.770064082184409030e-03 3.598694567858138349e+00 1.079784017687613673e+00 1.092759277740778856e+00 1.393479872917292806e+00 4.185172278061215501e-01 4.149261739367260393e-01
1.802760210491037834e-03 3.598694147780058472e+00 1.079783890409594882e+00 1.092759149977169386e+00 1.393479866536055933e+00 4.185172258285111413e-01 4.149261720409522791e-01
1.836060292528496687e-03 3.598693712041709514e+00 1.079783758383165537e+00 1.092759017449403292e+00 1.393479859917958752e+00 4.185172237769791970e-01 4.149261700747917114e-01
1.869975484361062175e-03 3.598693260059306454e+00 1.079783621431174900e+00 1.092758879979826681e+00 1.393479853054217177e+00 4.185172216487593744e-01 4.149261680356339799e-01
1.904517148124707914e-03 3.598692791227295906e+00 1.079783479369857524e+00 1.092758737384166068e+00 1.393479845935724493e+00 4.185172194409856328e-01 4.149261659207705843e-01
1.939696855833600471e-03 3.598692304917558982e+00 1.079783332008597885e+00 1.092758589471270358e+00 1.393479838553034256e+00 4.185172171506811312e-01 4.149261637273928827e-01
1.975526393256919668e-03 3.598691800478557745e+00 1.079783179149666594e+00 1.092758436042867487e+00 1.393479830896351856e+00 4.185172147747594495e-01 4.149261614525880937e-01
2.012017763867269410e-03 3.598691277234469688e+00 1.079783020587958386e+00 1.092758276893288638e+00 1.393479822955518976e+00 4.185172123100182606e-01 4.149261590933359667e-01
2.049183192862041435e-03 3.598690734484279119e+00 1.079782856110713229e+00 1.092758111809196464e+00 1.393479814720002263e+00 4.185172097531356661e-01 4.149261566465032303e-01
2.087035131259051476e-03 3.598690171500838808e+00 1.079782685497236994e+00 1.092757940569295982e+00 1.393479806178877567e+00 4.185172071006655337e-01 4.149261541088411498e-01
2.125586260067832342e-03 3.598689587529897871e+00 1.079782508518600803e+00 1.092757762944043698e+00 1.393479797320816171e+00 4.185172043490316129e-01 4.149261514769815307e-01
2.164849494537975615e-03 3.598688981789087471e+00 1.079782324937334614e+00 1.092757578695334963e+00 1.393479788134071029e+00 4.185172014945258701e-01 4.149261487474291688e-01
2.204837988485947899e-03 3.598688353466878098e+00 1.079782134507109692e+00 1.092757387576187789e+00 1.393479778606459440e+00 4.185171985332992728e-01 4.149261459165607402e-01
2.245565138701831852e-03 3.598687701721487109e+00 1.079781936972404655e+00 1.092757189330408885e+00 1.393479768725347734e+00 4.185171954613603473e-01 4.149261429806190282e-01
2.287044589437468682e-03 3.598687025679756069e+00 1.079781732068171074e+00 1.092756983692251715e+00 1.393479758477635500e+00 4.185171922745677398e-01 4.149261399357062619e-01
2.329290236977498308e-03 3.598686324435976136e+00 1.079781519519465327e+00 1.092756770386063447e+00 1.393479747849735606e+00 4.185171889686236657e-01 4.149261367777810072e-01
2.372316234294842823e-03 3.598685597050681473e+00 1.079781299041092879e+00 1.092756549125907028e+00 1.393479736827560878e+00 4.185171855390722451e-01 4.149261335026519504e-01
2.416136995792178034e-03 3.598684842549382701e+00 1.079781070337213045e+00 1.092756319615189042e+00 1.393479725396501223e+00 4.185171819812893990e-01 4.149261301059723461e-01
2.460767202130992055e-03 3.598684059921270162e+00 1.079780833100954407e+00 1.092756081546252034e+00 1.393479713541404763e+00 4.185171782904760773e-01 4.149261265832362433e-01
2.506221805149842947e-03 3.598683248117854117e+00 1.079780587013992488e+00 1.092755834599966835e+00 1.393479701246561397e+00 4.185171744616569267e-01 4.149261229297671605e-01
2.552516032873465568e-03 3.598682406051562310e+00 1.079780331746129640e+00 1.092755578445308018e+00 1.393479688495678825e+00 4.185171704896681888e-01 4.149261191407169758e-01
2.599665394614405958e-03 3.598681532594283361e+00 1.079780066954847406e+00 1.092755312738902695e+00 1.393479675271861673e+00 4.185171663691540367e-01 4.149261152110594875e-01
2.647685686168889819e-03 3.598680626575855968e+00 1.079779792284851325e+00 1.092755037124576667e+00 1.393479661557589511e+00 4.185171620945564719e-01 4.149261111355802001e-01
2.696592995108667602e-03 3.598679686782501719e+00 1.079779507367591318e+00 1.092754751232869026e+00 1.393479647334694427e+00 4.185171576601109944e-01 4.149261069088727716e-01
2.746403706170621236e-03 3.598678711955197507e+00 1.079779211820766083e+00 1.092754454680552989e+00 1.393479632584336603e+00 4.185171530598368328e-01 4.149261025253292434e-01
2.797134506745897146e-03 3.598677700787992428e+00 1.079778905247815057e+00 1.092754147070100323e+00 1.393479617286978556e+00 4.185171482875286175e-01 4.149260979791351556e-01
2.848802392470463352e-03 3.598676651926256742e+00 1.079778587237381071e+00 1.092753827989166648e+00 1.393479601422361158e+00 4.185171433367497196e-01 4.149260932642599986e-01
2.901424672918918174e-03 3.598675563964866875e+00 1.079778257362760563e+00 1.092753497010029662e+00 1.393479584969475216e+00 4.185171382008209262e-01 4.149260883744512185e-01
2.955018977403478693e-03 3.598674435446325592e+00 1.079777915181332926e+00 1.092753153689018486e+00 1.393479567906535932e+00 4.185171328728156670e-01 4.149260833032208939e-01
3.009603260880078842e-03 3.598673264858809784e+00 1.079777560233964540e+00 1.092752797565915923e+00 1.393479550210951823e+00 4.185171273455450258e-01 4.149260780438461804e-01
3.065195809963582041e-03 3.598672050634143638e+00 1.079777192044391931e+00 1.092752428163350054e+00 1.393479531859296516e+00 4.185171216115523007e-01 4.149260725893506585e-01
3.121815249054075547e-03 3.598670791145699432e+00 1.079776810118584507e+00 1.092752044986144533e+00 1.393479512827278333e+00 4.185171156631019018e-01 4.149260669325018913e-01
3.179480546576354209e-03 3.598669484706221500e+00 1.079776413944083746e+00 1.092751647520656899e+00 1.393479493089706089e+00 4.185171094921676938e-01 4.149260610657998782e-01
3.238211021334646243e-03 3.598668129565562701e+00 1.079776002989309536e+00 1.092751235234095120e+00 1.393479472620458903e+00 4.185171030904235590e-01 4.149260549814646204e-01
3.298026348984725142e-03 3.598666723908341858e+00 1.079775576702854512e+00 1.092750807573803051e+00 1.393479451392449997e+00 4.185170964492314072e-01 4.149260486714296814e-01
3.358946568625571349e-03 3.598665265851516359e+00 1.079775134512737989e+00 1.092750363966509930e+00 1.393479429377590950e+00 4.185170895596294072e-01 4.149260421273301969e-01
3.420992089512792447e-03 3.598663753441853075e+00 1.079774675825643016e+00 1.092749903817576751e+00 1.393479406546755950e+00 4.185170824123204403e-01 4.149260353404899959e-01
3.484183697896052652e-03 3.598662184653321106e+00 1.079774200026117459e+00 1.092749426510184918e+00 1.393479382869742711e+00 4.185170749976587778e-01 4.149260283019138296e-01
3.548542563982803617e-03 3.598660557384370406e+00 1.079773706475751105e+00 1.092748931404524448e+00 1.393479358315232730e+00 4.185170673056379798e-01 4.149260210022716056e-01
3.614090249030642386e-03 3.598658869455124254e+00 1.079773194512314571e+00 1.092748417836920005e+00 1.393479332850750207e+00 4.185170593258756844e-01 4.149260134318881743e-01
3.680848712570682166e-03 3.598657118604456251e+00 1.079772663448879566e+00 1.092747885118955153e+00 1.393479306442620747e+00 4.185170510476027284e-01 4.149260055807308945e-01
3.748840319764348925e-03 3.598655302486964302e+00 1.079772112572887188e+00 1.092747332536540661e+00 1.393479279055925169e+00 4.185170424596446059e-01 4.149259974383940897e-01
3.818087848896070582e-03 3.598653418669828241e+00 1.079771541145198022e+00 1.092746759348965924e+00 1.393479250654453772e+00 4.185170335504089234e-01 4.149259889940883905e-01
3.888614499004368948e-03 3.598651464629555541e+00 1.079770948399100927e+00 1.092746164787897101e+00 1.393479221200660589e+00 4.185170243078694119e-01 4.149259802366238592e-01
3.960443897653913130e-03 3.598649437748597357e+00 1.079770333539281868e+00 1.092745548056353933e+00 1.393479190655611877e+00 4.185170147195478307e-01 4.149259711543984430e-01
4.033600108851133868e-03 3.598647335311847328e+00 1.079769695740759872e+00 1.092744908327639486e+00 1.393479158978937038e+00 4.185170047725004228e-01 4.149259617353777685e-01
4.108107641106052525e-03 3.598645154503003596e+00 1.079769034147774587e+00 1.092744244744229931e+00 1.393479126128774226e+00 4.185169944532975972e-01 4.149259519670835950e-01
4.183991455643029135e-03 3.598642892400803817e+00 1.079768347872648970e+00 1.092743556416631456e+00 1.393479092061716162e+00 4.185169837480067212e-01 4.149259418365753849e-01
4.261276974763169093e-03 3.598640545975104743e+00 1.079767635994588471e+00 1.092742842422181226e+00 1.393479056732753074e+00 4.185169726421734682e-01 4.149259313304340946e-01
4.339990090361220409e-03 3.598638112082829910e+00 1.079766897558449124e+00 1.092742101803814148e+00 1.393479020095213183e+00 4.185169611208008345e-01 4.149259204347428565e-01
4.420157172599752278e-03 3.598635587463764995e+00 1.079766131573460797e+00 1.092741333568783002e+00 1.393478982100701202e+00 4.185169491683308207e-01 4.149259091350714357e-01
4.501805078743598663e-03 3.598632968736184878e+00 1.079765337011891813e+00 1.092740536687322184e+00 1.393478942699037271e+00 4.185169367686233377e-01 4.149258974164542479e-01
4.584961162157475192e-03 3.598630252392332807e+00 1.079764512807674937e+00 1.092739710091273686e+00 1.393478901838188122e+00 4.185169239049312262e-01 4.149258852633721517e-01
4.669653281469792958e-03 3.598627434793719271e+00 1.079763657854972969e+00 1.092738852672651806e+00 1.393478859464200248e+00 4.185169105598819383e-01 4.149258726597311320e-01
4.755909809905745772e-03 3.598624512166255673e+00 1.079762771006703925e+00 1.092737963282157221e+00 1.393478815521130620e+00 4.185168967154517805e-01 4.149258595888434265e-01
4.843759644792815927e-03 3.598621480595197930e+00 1.079761851072991607e+00 1.092737040727644882e+00 1.393478769950969642e+00 4.185168823529397120e-01 4.149258460334022125e-01
4.933232217241815751e-03 3.598618336019909325e+00 1.079760896819582427e+00 1.092736083772513300e+00 1.393478722693570093e+00 4.185168674529462507e-01 4.149258319754594027e-01
5.024357502006804310e-03 3.598615074228418642e+00 1.079759906966175631e+00 1.092735091134062309e+00 1.393478673686563418e+00 4.185168519953436084e-01 4.149258173964056606e-01
5.117166027527110181e-03 3.598611690851788225e+00 1.079758880184719771e+00 1.092734061481764662e+00 1.393478622865282457e+00 4.185168359592503773e-01 4.149258022769404253e-01
5.211688886154844727e-03 3.598608181358262659e+00 1.079757815097623030e+00 1.092732993435486133e+00 1.393478570162673069e+00 4.185168193230011102e-01 4.149257865970505943e-01
5.307957744571348453e-03 3.598604541047202954e+00 1.079756710275909359e+00 1.092731885563634098e+00 1.393478515509209092e+00 4.185168020641201192e-01 4.149257703359821026e-01
5.406004854396035536e-03 3.598600765042794691e+00 1.079755564237302679e+00 1.092730736381244405e+00 1.393478458832800637e+00 4.185167841592886129e-01 4.149257534722128327e-01
5.505863062991207466e-03 3.598596848287520800e+00 1.079754375444238246e+00 1.092729544347987414e+00 1.393478400058698830e+00 4.185167655843138323e-01 4.149257359834239711e-01
5.607565824466446622e-03 3.598592785535394079e+00 1.079753142301799418e+00 1.092728307866106086e+00 1.393478339109399222e+00 4.185167463140962996e-01 4.149257178464731410e-01
5.711147210886286484e-03 3.598588571344933928e+00 1.079751863155581582e+00 1.092727025278275033e+00 1.393478275904539210e+00 4.185167263225948453e-01 4.149256990373602072e-01
5.816641923684898532e-03 3.598584200071884620e+00 1.079750536289472596e+00 1.092725694865382291e+00 1.393478210360795888e+00 4.185167055827947458e-01 4.149256795311959678e-01
5.924085305291634795e-03 3.598579665861660892e+00 1.079749159923352408e+00 1.092724314844220501e+00 1.393478142391771479e+00 4.185166840666646459e-01 4.149256593021752870e-01
6.033513350971310939e-03 3.598574962641512442e+00 1.079747732210706523e+00 1.092722883365103037e+00 1.393478071907887639e+00 4.185166617451261395e-01 4.149256383235335743e-01
6.144962720883198094e-03 3.598570084112398870e+00 1.079746251236148424e+00 1.092721398509387765e+00 1.393477998816262220e+00 4.185166385880079165e-01 4.149256165675183627e-01
6.258470752362770527e-03 3.598565023740557312e+00 1.079744715012854961e+00 1.092719858286902213e+00 1.393477923020591813e+00 4.185166145640095703e-01 4.149255940053520053e-01
6.374075472430310897e-03 3.598559774748761431e+00 1.079743121479900037e+00 1.092718260633277705e+00 1.393477844421025180e+00 4.185165896406575214e-01 4.149255706071888206e-01
6.491815610530579823e-03 3.598554330107250898e+00 1.079741468499492374e+00 1.092716603407189346e+00 1.393477762914030249e+00 4.185165637842576114e-01 4.149255463420840062e-01
6.611730611507792010e-03 3.598548682524326914e+00 1.079739753854111584e+00 1.092714884387484098e+00 1.393477678392263552e+00 4.185165369598555785e-01 4.149255211779456776e-01
6.733860648820306008e-03 3.598542824436596010e+00 1.079737975243532322e+00 1.092713101270203158e+00 1.393477590744426342e+00 4.185165091311853214e-01 4.149254950814955656e-01
6.858246637999340992e-03 3.598536747998847485e+00 1.079736130281744977e+00 1.092711251665504424e+00 1.393477499855121149e+00 4.185164802606211598e-01 4.149254680182254962e-01
6.984930250356360081e-03 3.598530445073561346e+00 1.079734216493752896e+00 1.092709333094453505e+00 1.393477405604701236e+00 4.185164503091264310e-01 4.149254399523500947e-01
7.113953926943629609e-03 3.598523907220017470e+00 1.079732231312259483e+00 1.092707342985708152e+00 1.393477307869113613e+00 4.185164192362005320e-01 4.149254108467634872e-01
7.245360892772657185e-03 3.598517125683010853e+00 1.079730172074226946e+00 1.092705278672072566e+00 1.393477206519738942e+00 4.185163869998250741e-01 4.149253806629840113e-01
7.379195171295253874e-03 3.598510091381128095e+00 1.079728036017302273e+00 1.092703137386931811e+00 1.393477101423222120e+00 4.185163535564049297e-01 4.149253493611104737e-01
7.515501599152134976e-03 3.598502794894613110e+00 1.079725820276121961e+00 1.092700916260534783e+00 1.393476992441299522e+00 4.185163188607101681e-01 4.149253168997659724e-01
7.654325841193871521e-03 3.598495226452755436e+00 1.079723521878467540e+00 1.092698612316166606e+00 1.393476879430619153e+00 4.185162828658156586e-01 4.149252832360423859e-01
7.795714405779380178e-03 3.598487375920830900e+00 1.079721137741286530e+00 1.092696222466146949e+00 1.393476762242553235e+00 4.185162455230354572e-01 4.149252483254466384e-01
7.939714660356965784e-03 3.598479232786540027e+00 1.079718664666557526e+00 1.092693743507715087e+00 1.393476640723004589e+00 4.185162067818578580e-01 4.149252121218414135e-01
8.086374847333183125e-03 3.598470786145955724e+00 1.079716099337007407e+00 1.092691172118724463e+00 1.393476514712206793e+00 4.185161665898766703e-01 4.149251745773832045e-01
8.235744100234816678e-03 3.598462024688935834e+00 1.079713438311668217e+00 1.092688504853202680e+00 1.393476384044516347e+00 4.185161248927206090e-01 4.149251356424594750e-01
8.387872460169407129e-03 3.598452936684004122e+00 1.079710678021263970e+00 1.092685738136739637e+00 1.393476248548195962e+00 4.185160816339781320e-01 4.149250952656251545e-01
8.542810892589824609e-03 3.598443509962659270e+00 1.079707814763433582e+00 1.092682868261700690e+00 1.393476108045192063e+00 4.185160367551223892e-01 4.149250533935342489e-01
8.700611304368523896e-03 3.598433731903108779e+00 1.079704844697765509e+00 1.092679891382267066e+00 1.393475962350904540e+00 4.185159901954320638e-01 4.149250099708656769e-01
8.861326561187175821e-03 3.598423589413392243e+00 1.079701763840659190e+00 1.092676803509281314e+00 1.393475811273942710e+00 4.185159418919051078e-01 4.149249649402591000e-01
9.025010505247527820e-03 3.598413068913879354e+00 1.079698568059986652e+00 1.092673600504917797e+00 1.393475654615881965e+00 4.185158917791792499e-01 4.149249182422309890e-01
9.191717973309412523e-03 3.598402156319118639e+00 1.079695253069559602e+00 1.092670278077135571e+00 1.393475492171001529e+00 4.185158397894384041e-01 4.149248698150991288e-01
9.361504815061936005e-03 3.598390837019009858e+00 1.079691814423389129e+00 1.092666831773946079e+00 1.393475323726020232e+00 4.185157858523229635e-01 4.149248195949046814e-01
9.534427911834033459e-03 3.598379095859273846e+00 1.079688247509731802e+00 1.092663256977443709e+00 1.393475149059817397e+00 4.185157298948338767e-01 4.149247675153235893e-01
9.710545195650626890e-03 3.598366917121203379e+00 1.079684547544915940e+00 1.092659548897636945e+00 1.393474967943147291e+00 4.185156718412323951e-01 4.149247135075813109e-01
9.889915668640785959e-03 3.598354284500653755e+00 1.079680709566933849e+00 1.092655702566035281e+00 1.393474780138340918e+00 4.185156116129388204e-01 4.149246575003628923e-01
1.007259942280438851e-02 3.598341181086262885e+00 1.079676728428804022e+00 1.092651712829004751e+00 1.393474585398997601e+00 4.185155491284253682e-01 4.149245994197181542e-01
1.025865766014394387e-02 3.598327589336847598e+00 1.079672598791676208e+00 1.092647574340869898e+00 1.393474383469665456e+00 4.185154843031038130e-01 4.149245391889648804e-01
1.044815271316818991e-02 3.598313491057975710e+00 1.079668315117687349e+00 1.092643281556768819e+00 1.393474174085511663e+00 4.185154170492140224e-01 4.149244767285875657e-01
1.064114806577452950e-02 3.598298867377653920e+00 1.079663871662549290e+00 1.092638828725237765e+00 1.393473956971976291e+00 4.185153472757010551e-01 4.149244119561334987e-01
1.083770837451715485e-02 3.598283698721131962e+00 1.079659262467866476e+00 1.092634209880510632e+00 1.393473731844418806e+00 4.185152748880942575e-01 4.149243447861041822e-01
1.103789949026802615e-02 3.598267964784740869e+00 1.079654481353149897e+00 1.092629418834554222e+00 1.393473498407748368e+00 4.185151997883762576e-01 4.149242751298427567e-01
1.124178848027798140e-02 3.598251644508795977e+00 1.079649521907561471e+00 1.092624449168786427e+00 1.393473256356042134e+00 4.185151218748532909e-01 4.149242028954178707e-01
1.144944365064534328e-02 3.598234716049462989e+00 1.079644377481331130e+00 1.092619294225493753e+00 1.393473005372149132e+00 4.185150410420138689e-01 4.149241279875017785e-01
1.166093456919956549e-02 3.598217156749600854e+00 1.079639041176859493e+00 1.092613947098940663e+00 1.393472745127278589e+00 4.185149571803863378e-01 4.149240503072466613e-01
1.187633208880757574e-02 3.598198943108508185e+00 1.079633505839496355e+00 1.092608400626128518e+00 1.393472475280576717e+00 4.185148701763913293e-01 4.149239697521531767e-01
1.209570837111063023e-02 3.598180050750558578e+00 1.079627764047967897e+00 1.092602647377229452e+00 1.393472195478684839e+00 4.185147799121867740e-01 4.149238862159365659e-01
1.231913691069961257e-02 3.598160454392663965e+00 1.079621808104456626e+00 1.092596679645657431e+00 1.393471905355281759e+00 4.185146862655062527e-01 4.149237995883874319e-01
1.254669255973695462e-02 3.598140127810536271e+00 1.079615630024305162e+00 1.092590489437766266e+00 1.393471604530609920e+00 4.185145891094943504e-01 4.149237097552262998e-01
1.277845155303324737e-02 3.598119043803692740e+00 1.079609221525344775e+00 1.092584068462174152e+00 1.393471292610988232e+00 4.185144883125350157e-01 4.149236165979528490e-01
1.301449153358717574e-02 3.598097174159170741e+00 1.079602574016822913e+00 1.092577408118688531e+00 1.393470969188298714e+00 4.185143837380709275e-01 4.149235199936920360e-01
1.325489157859716799e-02 3.598074489613890314e+00 1.079595678587919050e+00 1.092570499486816615e+00 1.393470633839462236e+00 4.185142752444176439e-01 4.149234198150311137e-01
1.349973222595352365e-02 3.598050959815624950e+00 1.079588525995843984e+00 1.092563333313854912e+00 1.393470286125893853e+00 4.185141626845744200e-01 4.149233159298517659e-01
1.374909550121991911e-02 3.598026553282529072e+00 1.079581106653484390e+00 1.092555900002534663e+00 1.393469925592932146e+00 4.185140459060192608e-01 4.149232082011600209e-01
1.400306494511327493e-02 3.598001237361155624e+00 1.079573410616595730e+00 1.092548189598208097e+00 1.393469551769257908e+00 4.185139247505057503e-01 4.149230964869012883e-01
1.426172564149126229e-02 3.597974978182934436e+00 1.079565427570522651e+00 1.092540191775559499e+00 1.393469164166281971e+00 4.185137990538447816e-01 4.149229806397785048e-01
1.452516424585674829e-02 3.597947740619020784e+00 1.079557146816419788e+00 1.092531895824832233e+00 1.393468762277519257e+00 4.185136686456844002e-01 4.149228605070560683e-01
1.479346901438880098e-02 3.597919488233489282e+00 1.079548557256972074e+00 1.092523290637528177e+00 1.393468345577933754e+00 4.185135333492759901e-01 4.149227359303591101e-01
1.506672983350992694e-02 3.597890183234785155e+00 1.079539647381575929e+00 1.092514364691594686e+00 1.393467913523263046e+00 4.185133929812342446e-01 4.149226067454672151e-01
1.534503824999945178e-02 3.597859786425376072e+00 1.079530405250977321e+00 1.092505106036050222e+00 1.393467465549316886e+00 4.185132473512879203e-01 4.149224727820981506e-01
1.562848750166323172e-02 3.597828257149553899e+00 1.079520818481335631e+00 1.092495502275053099e+00 1.393467001071252431e+00 4.185130962620219330e-01 4.149223338636829350e-01
1.591717254856973504e-02 3.597795553239294897e+00 1.079510874227710193e+00 1.092485540551365375e+00 1.393466519482819965e+00 4.185129395086072401e-01 4.149221898071373538e-01
1.621119010486325382e-02 3.597761630958116186e+00 1.079500559166912232e+00 1.092475207529221670e+00 1.393466020155584406e+00 4.185127768785230629e-01 4.149220404226174885e-01
1.651063867116467007e-02 3.597726444942873414e+00 1.079489859479749292e+00 1.092464489376546943e+00 1.393465502438117287e+00 4.185126081512688945e-01 4.149218855132743577e-01
1.681561856757078643e-02 3.597689948143386829e+00 1.079478760832594642e+00 1.092453371746531232e+00 1.393464965655159205e+00 4.185124330980617424e-01 4.149217248749923481e-01
1.712623196726314329e-02 3.597652091759851345e+00 1.079467248358279452e+00 1.092441839758512501e+00 1.393464409106751845e+00 4.185122514815272643e-01 4.149215582961245374e-01
1.744258293073768645e-02 3.597612825177926688e+00 1.079455306636280199e+00 1.092429877978162267e+00 1.393463832067341146e+00 4.185120630553769150e-01 4.149213855572122522e-01
1.776477744066673470e-02 3.597572095901440559e+00 1.079442919672174650e+00 1.092417470396930934e+00 1.393463233784843824e+00 4.185118675640703279e-01 4.149212064306988523e-01
1.809292343740484879e-02 3.597529849482596909e+00 1.079430070876334469e+00 1.092404600410736393e+00 1.393462613479682810e+00 4.185116647424708125e-01 4.149210206806304146e-01
1.842713085515062729e-02 3.597486029449617817e+00 1.079416743041836213e+00 1.092391250797870583e+00 1.393461970343788714e+00 4.185114543154819788e-01 4.149208280623453149e-01
1.876751165877639863e-02 3.597440577231719061e+00 1.079402918321554772e+00 1.092377403696079163e+00 1.393461303539562657e+00 4.185112359976752572e-01 4.149206283221573699e-01
1.911417988133826476e-02 3.597393432081306130e+00 1.079388578204405924e+00 1.092363040578812949e+00 1.393460612198803350e+00 4.185110094928998770e-01 4.149204211970161094e-01
1.946725166227908019e-02 3.597344530993322742e+00 1.079373703490723369e+00 1.092348142230583186e+00 1.393459895421594208e+00 4.185107744938804109e-01 4.149202064141690460e-01
1.982684528633692211e-02 3.597293808621614630e+00 1.079358274266720485e+00 1.092332688721429079e+00 1.393459152275152491e+00 4.185105306817994419e-01 4.149199836907999650e-01
2.019308122317246476e-02 3.597241197192220241e+00 1.079342269878009741e+00 1.092316659380423438e+00 1.393458381792635370e+00 4.185102777258624673e-01 4.149197527336563329e-01
2.056608216772823350e-02 3.597186626413469313e+00 1.079325668902154867e+00 1.092300032768219076e+00 1.393457582971901365e+00 4.185100152828477027e-01 4.149195132386700458e-01
2.094597308133339109e-02 3.597130023382776542e+00 1.079308449120198965e+00 1.092282786648578252e+00 1.393456754774230699e+00 4.185097429966389004e-01 4.149192648905544178e-01
2.133288123356780544e-02 3.597071312490007777e+00 1.079290587487159669e+00 1.092264897958853176e+00 1.393455896122997917e+00 4.185094604977420696e-01 4.149190073623925112e-01
2.172693624489938774e-02 3.597010415317290821e+00 1.079272060101425179e+00 1.092246342779382928e+00 1.393455005902294097e+00 4.185091674027793252e-01 4.149187403152083675e-01
2.212827013010907132e-02 3.596947250535162954e+00 1.079252842173040516e+00 1.092227096301763734e+00 1.393454082955505324e+00 4.185088633139694148e-01 4.149184633975220304e-01
2.253701734251785382e-02 3.596881733794883296e+00 1.079232907990809398e+00 1.092207132795958380e+00 1.393453126083833205e+00 4.185085478185857077e-01 4.149181762448901356e-01
2.295331481903085946e-02 3.596813777616815866e+00 1.079212230888202839e+00 1.092186425576190612e+00 1.393452134044768309e+00 4.185082204883940893e-01 4.149178784794258501e-01
2.337730202601339888e-02 3.596743291274711929e+00 1.079190783208015425e+00 1.092164946965590744e+00 1.393451105550504110e+00 4.185078808790686500e-01 4.149175697093072657e-01
2.380912100601441372e-02 3.596670180675747730e+00 1.079168536265711076e+00 1.092142668259551641e+00 1.393450039266295848e+00 4.185075285295876135e-01 4.149172495282598128e-01
2.424891642535313002e-02 3.596594348236186178e+00 1.079145460311446314e+00 1.092119559687727559e+00 1.393448933808760559e+00 4.185071629616061717e-01 4.149169175150275723e-01
2.469683562258446693e-02 3.596515692752470628e+00 1.079121524490685324e+00 1.092095590374655423e+00 1.393447787744116706e+00 4.185067836788041173e-01 4.149165732328166101e-01
2.515302865785990979e-02 3.596434109267618418e+00 1.079096696803377498e+00 1.092070728298928373e+00 1.393446599586356971e+00 4.185063901662088304e-01 4.149162162287287625e-01
2.561764836320005664e-02 3.596349488932728988e+00 1.079070944061648607e+00 1.092044940250872287e+00 1.393445367795361989e+00 4.185059818894982797e-01 4.149158460331612286e-01
2.609085039369582470e-02 3.596261718863437373e+00 1.079044231845937674e+00 1.092018191788682202e+00 1.393444090774937916e+00 4.185055582942662777e-01 4.149154621591983894e-01
2.657279327965539686e-02 3.596170681991122109e+00 1.079016524459528892e+00 1.091990447192956459e+00 1.393442766870791161e+00 4.185051188052724136e-01 4.149150641019685448e-01
2.706363847971443928e-02 3.596076256908709912e+00 1.078987784881439538e+00 1.091961669419564185e+00 1.393441394368428288e+00 4.185046628256584578e-01 4.149146513379857737e-01
2.756355043492735371e-02 3.595978317710841310e+00 1.078957974717567048e+00 1.091931820050803914e+00 1.393439971490976204e+00 4.185041897361314600e-01 4.149142233244615952e-01
2.807269662385766459e-02 3.595876733828236915e+00 1.078927054150077058e+00 1.091900859244780975e+00 1.393438496396931736e+00 4.185036988941246427e-01 4.149137794985964245e-01
2.859124761868605050e-02 3.595771369856032074e+00 1.078894981884932935e+00 1.091868745682933017e+00 1.393436967177824837e+00 4.185031896329189927e-01 4.149133192768403866e-01
2.911937714235476524e-02 3.595662085375891159e+00 1.078861715097533924e+00 1.091835436515658841e+00 1.393435381855801181e+00 4.185026612607356533e-01 4.149128420541314810e-01
2.965726212676760704e-02 3.595548734771643051e+00 1.078827209376354457e+00 1.091800887305974133e+00 1.393433738381116171e+00 4.185021130597942340e-01 4.149123472031006621e-01
3.020508277206506928e-02 3.595431167038261044e+00 1.078791418664562407e+00 1.091765051971099965e+00 1.393432034629540572e+00 4.185015442853331491e-01 4.149118340732520505e-01
3.076302260699410179e-02 3.595309225583906532e+00 1.078754295199502611e+00 1.091727882721970744e+00 1.393430268399674876e+00 4.185009541645968723e-01 4.149113019901102817e-01
3.133126855039334441e-02 3.595182748024824626e+00 1.078715789449997242e+00 1.091689330000512825e+00 1.393428437410163978e+00 4.185003418957812249e-01 4.149107502543381010e-01
3.191001097381391399e-02 3.595051565972821273e+00 1.078675850051373342e+00 1.091649342414686252e+00 1.393426539296816147e+00 4.184997066469419158e-01 4.149101781408208733e-01
3.249944376529691203e-02 3.594915504815078933e+00 1.078634423738144665e+00 1.091607866671155058e+00 1.393424571609616747e+00 4.184990475548607813e-01 4.149095848977146783e-01
3.309976439432909395e-02 3.594774383486031510e+00 1.078591455274260813e+00 1.091564847505549274e+00 1.393422531809636489e+00 4.184983637238685050e-01 4.149089697454673153e-01
3.371117397799829052e-02 3.594628014231034285e+00 1.078546887380846808e+00 1.091520227610190297e+00 1.393420417265829325e+00 4.184976542246255926e-01 4.149083318757922356e-01
3.433387734837089339e-02 3.594476202361533979e+00 1.078500660661337651e+00 1.091473947559241431e+00 1.393418225251715103e+00 4.184969180928539423e-01 4.149076704506158286e-01
3.496808312111389372e-02 3.594318746001451181e+00 1.078452713523916362e+00 1.091425945731147706e+00 1.393415952941947644e+00 4.184961543280257823e-01 4.149069846009745266e-01
3.561400376538449014e-02 3.594155435824476275e+00 1.078402982101177798e+00 1.091376158228297921e+00 1.393413597408754923e+00 4.184953618919957652e-01 4.149062734258848195e-01
3.627185567501069879e-02 3.593986054781961315e+00 1.078351400166905449e+00 1.091324518793806320e+00 1.393411155618257791e+00 4.184945397075905404e-01 4.149055359911577590e-01
3.694185924098674495e-02 3.593810377821084590e+00 1.078297899049866171e+00 1.091270958725333085e+00 1.393408624426655695e+00 4.184936866571384861e-01 4.149047713281790450e-01
3.762423892530758485e-02 3.593628171592974763e+00 1.078242407544539372e+00 1.091215406785788655e+00 1.393406000576275394e+00 4.184928015809454838e-01 4.149039784326429281e-01
3.831922333616744059e-02 3.593439194150420235e+00 1.078184851818635437e+00 1.091157789110901888e+00 1.393403280691483115e+00 4.184918832757177354e-01 4.149031562632381487e-01
3.902704530454698117e-02 3.593243194634849758e+00 1.078125155317347428e+00 1.091098029113447332e+00 1.393400461274446389e+00 4.184909304929166352e-01 4.149023037402812530e-01
3.974794196221564241e-02 3.593039912952196158e+00 1.078063238664180190e+00 1.091036047384113861e+00 1.393397538700752225e+00 4.184899419370639029e-01 4.149014197443086083e-01
4.048215482117451663e-02 3.592829079437283468e+00 1.077999019558268046e+00 1.090971761588826361e+00 1.393394509214861410e+00 4.184889162639685578e-01 4.149005031146126843e-01
4.122992985456680470e-02 3.592610414506351546e+00 1.077932412668053619e+00 1.090905086362441878e+00 1.393391368925411378e+00 4.184878520789014900e-01 4.148995526477188278e-01
4.199151757908274607e-02 3.592383628297321607e+00 1.077863329521209668e+00 1.090835933198699870e+00 1.393388113800344552e+00 4.184867479346900954e-01 4.148985670958160732e-01
4.276717313888676875e-02 3.592148420297400335e+00 1.077791678390674246e+00 1.090764210336275575e+00 1.393384739661867489e+00 4.184856023297469640e-01 4.148975451651237822e-01
4.355715639109490611e-02 3.591904478957614000e+00 1.077717364176684178e+00 1.090689822640837026e+00 1.393381242181233937e+00 4.184844137060250713e-01 4.148964855141974439e-01
4.436173199283110352e-02 3.591651481293824943e+00 1.077640288284656300e+00 1.090612671482960927e+00 1.393377616873338720e+00 4.184831804468915895e-01 4.148953867521776306e-01
4.518116948989160664e-02 3.591389092473816547e+00 1.077560348498797005e+00 1.090532654611774177e+00 1.393373859091125766e+00 4.184819008749273150e-01 4.148942474369692324e-01
4.601574340704718546e-02 3.591116965389976379e+00 1.077477438851293545e+00 1.090449666024179365e+00 1.393369964019792961e+00 4.184805732496378328e-01 4.148930660733574083e-01
4.686573334001328806e-02 3.590834740217123677e+00 1.077391449486949426e+00 1.090363595829527465e+00 1.393365926670800281e+00 4.184791957650840777e-01 4.148918411110509297e-01
4.773142404911931425e-02 3.590542043955009088e+00 1.077302266523107566e+00 1.090274330109597845e+00 1.393361741875657200e+00 4.184777665474194164e-01 4.148905709426584654e-01
4.861310555470760297e-02 3.590238489954992396e+00 1.077209771904726665e+00 1.090181750773711045e+00 1.393357404279500056e+00 4.184762836523361340e-01 4.148892539015835990e-01
4.951107323429516233e-02 3.589923677430415960e+00 1.077113843254446479e+00 1.090085735408858891e+00 1.393352908334438478e+00 4.184747450624175524e-01 4.148878882598476814e-01
5.042562792152979062e-02 3.589597190950145844e+00 1.077014353717486994e+00 1.089986157124658739e+00 1.393348248292666680e+00 4.184731486843851211e-01 4.148864722258354121e-01
5.135707600697424213e-02 3.589258599914774361e+00 1.076911171801219869e+00 1.089882884392993301e+00 1.393343418199339379e+00 4.184714923462510283e-01 4.148850039419460511e-01
5.230572954075200093e-02 3.588907458014939600e+00 1.076804161209253596e+00 1.089775780882170864e+00 1.393338411885187922e+00 4.184697737943534612e-01 4.148834814821720229e-01
5.327190633708906581e-02 3.588543302671239665e+00 1.076693180669855199e+00 1.089664705285426471e+00 1.393333222958885953e+00 4.184679906902895041e-01 4.148819028495778216e-01
5.425593008078690577e-02 3.588165654455152342e+00 1.076578083758545912e+00 1.089549511143607319e+00 1.393327844799141957e+00 4.184661406077281320e-01 4.148802659736956500e-01
5.525813043566200899e-02 3.587774016490427265e+00 1.076458718714684348e+00 1.089430046661851392e+00 1.393322270546517583e+00 4.184642210291037445e-01 4.148785687078138107e-01
5.627884315498863504e-02 3.587367873834347964e+00 1.076334928251870160e+00 1.089306154520105263e+00 1.393316493094956421e+00 4.184622293421861317e-01 4.148768088261798326e-01
5.731841019398154630e-02 3.586946692838303363e+00 1.076206549361985676e+00 1.089177671677265202e+00 1.393310505083021233e+00 4.184601628365223203e-01 4.148749840210861350e-01
5.837717982435645936e-02 3.586509920487036318e+00 1.076073413112670796e+00 1.089044429168803951e+00 1.393304298884821879e+00 4.184580186997464146e-01 4.148730918998602135e-01
5.945550675100692850e-02 3.586056983715996793e+00 1.075935344438077479e+00 1.088906251897642008e+00 1.393297866600622825e+00 4.184557940137434429e-01 4.148711299817382514e-01
6.055375223083585279e-02 3.585587288706157949e+00 1.075792161922673795e+00 1.088762958418119986e+00 1.393291200047133582e+00 4.184534857506810868e-01 4.148690956946250452e-01
6.167228419378258109e-02 3.585100220155689854e+00 1.075643677577940327e+00 1.088614360712849560e+00 1.393284290747448750e+00 4.184510907688810954e-01 4.148669863717355799e-01
6.281147736608531928e-02 3.584595140527839341e+00 1.075489696611727997e+00 1.088460263962263141e+00 1.393277129920646562e+00 4.184486058085438165e-01 4.148647992481142577e-01
6.397171339582047311e-02 3.584071389274402719e+00 1.075330017190111231e+00 1.088300466306658443e+00 1.393269708471020607e+00 4.184460274873077479e-01 4.148625314570231204e-01
6.515338098076088602e-02 3.583528282034116330e+00 1.075164430191506870e+00 1.088134758600531882e+00 1.393262016976940076e+00 4.184433522956454432e-01 4.148601800262006201e-01
6.635687599859588226e-02 3.582965109805344550e+00 1.074992718952878068e+00 1.087962924159019185e+00 1.393254045679321207e+00 4.184405765920828912e-01 4.148577418739824996e-01
6.758260163955666366e-02 3.582381138092388895e+00 1.074814659007802042e+00 1.087784738496221593e+00 1.393245784469700821e+00 4.184376965982464780e-01 4.148552138052790106e-01
6.883096854149153843e-02 3.581775606024780068e+00 1.074630017816213812e+00 1.087599969055219162e+00 1.393237222877895309e+00 4.184347083937149936e-01 4.148525925074053600e-01
7.010239492743618184e-02 3.581147725448890817e+00 1.074438554485602548e+00 1.087408374929575317e+00 1.393228350059235066e+00 4.184316079106887853e-01 4.148498745457593895e-01
7.139730674572514202e-02 3.580496679991205689e+00 1.074240019483473141e+00 1.087209706576122592e+00 1.393219154781352831e+00 4.184283909284500780e-01 4.148470563593420479e-01
7.271613781269135879e-02 3.579821624092610843e+00 1.074034154340848257e+00 1.087003705518824415e+00 1.393209625410519958e+00 4.184250530676214552e-01 4.148441342561082212e-01
7.405932995800180996e-02 3.579121682013041372e+00 1.073820691346624390e+00 1.086790104043513949e+00 1.393199749897512163e+00 4.184215897842086251e-01 4.148411044081561361e-01
7.542733317267724669e-02 3.578395946805858152e+00 1.073599353232568721e+00 1.086568624883316403e+00 1.393189515762984332e+00 4.184179963634175881e-01 4.148379628467293578e-01
7.682060575984664408e-02 3.577643479261302772e+00 1.073369852848759631e+00 1.086338980894542949e+00 1.393178910082346178e+00 4.184142679132428766e-01 4.148347054570458159e-01
7.823961448828611887e-02 3.576863306818435895e+00 1.073131892829274570e+00 1.086100874722865761e+00 1.393167919470114313e+00 4.184103993578136560e-01 4.148313279729332059e-01
7.968483474879399509e-02 3.576054422444922221e+00 1.072885165247930317e+00 1.085853998459607173e+00 1.393156530063732523e+00 4.184063854304939101e-01 4.148278259712627758e-01
8.115675071345433700e-02 3.575215783484095855e+00 1.072629351263882924e+00 1.085598033287918707e+00 1.393144727506832936e+00 4.184022206667207255e-01 4.148241948661903766e-01
8.265585549784244812e-02 3.574346310468738075e+00 1.072364120756921668e+00 1.085332649118698534e+00 1.393132496931926534e+00 4.183978993965784543e-01 4.148204299031741371e-01
8.418265132622651525e-02 3.573444885901002621e+00 1.072089131952258523e+00 1.085057504216064395e+00 1.393119822942503028e+00 4.183934157370927664e-01 4.148165261527836378e-01
8.573764969982083928e-02 3.572510352997997352e+00 1.071804031034657267e+00 1.084772244812234554e+00 1.393106689594515224e+00 4.183887635842356012e-01 4.148124785042779372e-01
8.732137156814701040e-02 3.571541514402527540e+00 1.071508451751749025e+00 1.084476504711632039e+00 1.393093080377241222e+00 4.183839366046374630e-01 4.148082816589426791e-01
8.893434750356035701e-02 3.570537130858563835e+00 1.071202015006376129e+00 1.084169904884102031e+00 1.393078978193485806e+00 4.183789282269815279e-01 4.148039301231982723e-01
9.057711787900013523e-02 3.569495919851020105e+00 1.070884328437831101e+00 1.083852053047089647e+00 1.393064365339115040e+00 4.183737316330826683e-01 4.147994182014407283e-01
9.225023304902361942e-02 3.568416554209509428e+00 1.070554985991880592e+00 1.083522543236677294e+00 1.393049223481896526e+00 4.183683397486319677e-01 4.147947399886298125e-01
9.395425353418311587e-02 3.567297660675752713e+00 1.070213567479449956e+00 1.083180955367373688e+00 1.393033533639621124e+00 4.183627452335950681e-01 4.147898893626007499e-01
9.568975020880980675e-02 3.566137818434421458e+00 1.069859638123894285e+00 1.082826854780569281e+00 1.393017276157486384e+00 4.183569404722518037e-01 4.147848599761025934e-01
9.745730449226570891e-02 3.564935557607229910e+00 1.069492748096783075e+00 1.082459791781609226e+00 1.393000430684717017e+00 4.183509175628672416e-01 4.147796452485352781e-01
9.925750854372859810e-02 3.563689357710184247e+00 1.069112432042149230e+00 1.082079301165429719e+00 1.392982976150396901e+00 4.183446683069742544e-01 4.147742383573944647e-01
1.010909654605748192e-01 3.562397646073964808e+00 1.068718208589176211e+00 1.081684901730755932e+00 1.392964890738491057e+00 4.183381841982606320e-01 4.147686322293988592e-01
1.029582894804266513e-01 3.561058796227534629e+00 1.068309579853345959e+00 1.081276095782855329e+00 1.392946151862024973e+00 4.183314564110377498e-01 4.147628195312944577e-01
1.048601061869318257e-01 3.559671126245123940e+00 1.067886030926040064e+00 1.080852368624910742e+00 1.392926736136403942e+00 4.183244757882843556e-01 4.147567926603235033e-01
1.067970527193441155e-01 3.558232897056893052e+00 1.067447029352710075e+00 1.080413188038069627e+00 1.392906619351839126e+00 4.183172328292436015e-01 4.147505437343481649e-01
1.087697779859752717e-01 3.556742310723666201e+00 1.066992024599667133e+00 1.079958003750287610e+00 1.392885776444850121e+00 4.183097176765563363e-01 4.147440645816122817e-01
1.107789428815897648e-01 3.555197508676283480e+00 1.066520447509668124e+00 1.079486246894116430e+00 1.392864181468827844e+00 4.183019201029236633e-01 4.147373467301249672e-01
1.128252205088150217e-01 3.553596569920227655e+00 1.066031709746454670e+00 1.078997329453616150e+00 1.392841807563610423e+00 4.182938294972645688e-01 4.147303813966716213e-01
1.149092964036421832e-01 3.551937509206374965e+00 1.065525203228470108e+00 1.078490643700658058e+00 1.392818626924056780e+00 4.182854348503658448e-01 4.147231594754086093e-01
1.170318687650910155e-01 3.550218275168861126e+00 1.065000299552052887e+00 1.077965561620866097e+00 1.392794610767580599e+00 4.182767247399983290e-01 4.147156715260547077e-01
1.191936486891182617e-01 3.548436748431238463e+00 1.064456349404398594e+00 1.077421434329588479e+00 1.392769729300614490e+00 4.182676873154806962e-01 4.147079077616466769e-01
1.213953604068461478e-01 3.546590739682316862e+00 1.063892681966709830e+00 1.076857591478251219e+00 1.392743951683966586e+00 4.182583102816683773e-01 4.146998580358558506e-01
1.236377415271914665e-01 3.544677987723264589e+00 1.063308604307966920e+00 1.076273340651599408e+00 1.392717245997048714e+00 4.182485808823557250e-01 4.146915118298368785e-01
1.259215432839765059e-01 3.542696157487794650e+00 1.062703400769833273e+00 1.075667966756354232e+00 1.392689579200928618e+00 4.182384858830581198e-01 4.146828582386035134e-01
1.282475307876044524e-01 3.540642838037512341e+00 1.062076332343298901e+00 1.075040731401875505e+00 1.392660917100177809e+00 4.182280115531585851e-01 4.146738859569132352e-01
1.306164832813836996e-01 3.538515540534738157e+00 1.061426636037719362e+00 1.074390872273532693e+00 1.392631224303480852e+00 4.182171436473963722e-01 4.146645832646311813e-01
1.330291944025869533e-01 3.536311696195442611e+00 1.060753524243003287e+00 1.073717602499574486e+00 1.392600464182964792e+00 4.182058673866690945e-01 4.146549380115749361e-01
1.354864724483324789e-01 3.534028654225205734e+00 1.060056184085802489e+00 1.073020110012339323e+00 1.392568598832214288e+00 4.181941674381267626e-01 4.146449376018013222e-01
1.379891406463766845e-01 3.531663679741454231e+00 1.059333776780632341e+00 1.072297556904778126e+00 1.392535589022936504e+00 4.181820278945340696e-01 4.146345689773296428e-01
1.405380374309086466e-01 3.529213951685576944e+00 1.058585436976966943e+00 1.071549078783379016e+00 1.392501394160231776e+00 4.181694322528688446e-01 4.146238186012782823e-01
1.431340167234390337e-01 3.526676560728891019e+00 1.057810272103476112e+00 1.070773784118649985e+00 1.392465972236432759e+00 4.181563633921342449e-01 4.146126724403860209e-01
1.457779482188780451e-01 3.524048507176823719e+00 1.057007361710652571e+00 1.069970753594486013e+00 1.392429279783471863e+00 4.181428035503520491e-01 4.146011159469125129e-01
1.484707176768964298e-01 3.521326698876120709e+00 1.056175756813260591e+00 1.069139039457821738e+00 1.392391271823739007e+00 4.181287343007160651e-01 4.145891340398755176e-01
1.512132272186698101e-01 3.518507949130292189e+00 1.055314479234089831e+00 1.068277664870183941e+00 1.392351901819378845e+00 4.181141365268622456e-01 4.145767110856208859e-01
1.540063956291036484e-01 3.515588974629044294e+00 1.054422520950730302e+00 1.067385623262790517e+00 1.392311121619992820e+00 4.180989903972360811e-01 4.145638308776902203e-01
1.568511586646410272e-01 3.512566393397908548e+00 1.053498843447165711e+00 1.066461877697106431e+00 1.392268881408703418e+00 4.180832753385216316e-01 4.145504766159637811e-01
1.597484693667561573e-01 3.509436722774818218e+00 1.052542377072168023e+00 1.065505360232857246e+00 1.392225129646526449e+00 4.180669700080928974e-01 4.145366308850590986e-01
1.626992983812386162e-01 3.506196377420963906e+00 1.051552020406639087e+00 1.064514971305690949e+00 1.392179813015018031e+00 4.180500522654609918e-01 4.145222756319510982e-01
1.657046342833753405e-01 3.502841667373834511e+00 1.050526639642232141e+00 1.063489579116867034e+00 1.392132876357146110e+00 4.180324991426778158e-01 4.145073921427921970e-01
1.687654839091392300e-01 3.499368796150974514e+00 1.049465067973736510e+00 1.062428019037521043e+00 1.392084262616338552e+00 4.180142868136592638e-01 4.144919610189039538e-01
1.718828726924954975e-01 3.495773858913676868e+00 1.048366105007964677e+00 1.061329093030268567e+00 1.392033912773667392e+00 4.179953905623897681e-01 4.144759621519089610e-01
1.750578450089386173e-01 3.492052840700443639e+00 1.047228516192005632e+00 1.060191569091106345e+00 1.391981765783115499e+00 4.179757847499713241e-01 4.144593746979785553e-01
1.782914645253746155e-01 3.488201614740868095e+00 1.046051032264002867e+00 1.059014180714790143e+00 1.391927758504882373e+00 4.179554427804698102e-01 4.144421770511628189e-01
1.815848145564674943e-01 3.484215940861233207e+00 1.044832348729765048e+00 1.057795626387096455e+00 1.391871825636684878e+00 4.179343370655296264e-01 4.144243468157704502e-01
1.849389984275659482e-01 3.480091463993987055e+00 1.043571125368805141e+00 1.056534569107609123e+00 1.391813899642996732e+00 4.179124389876960333e-01 4.144058607777669767e-01
1.883551398443359393e-01 3.475823712804015475e+00 1.042265985773613401e+00 1.055229635946904221e+00 1.391753910682187012e+00 4.178897188624184356e-01 4.143866948751611101e-01
1.918343832692199491e-01 3.471408098445494694e+00 1.040915516926224083e+00 1.053879417642285432e+00 1.391691786531504382e+00 4.178661458986718813e-01 4.143668241673446051e-01
1.953778943048503081e-01 3.466839913463960698e+00 1.039518268816401303e+00 1.052482468236457080e+00 1.391627452509863305e+00 4.178416881581643594e-01 4.143462228033423234e-01
1.989868600845450808e-01 3.462114330859136668e+00 1.038072754106025730e+00 1.051037304763803082e+00 1.391560831398382270e+00 4.178163125130702760e-01 4.143248639889511864e-01
2.026624896700165990e-01 3.457226403324961339e+00 1.036577447844534650e+00 1.049542406989222521e+00 1.391491843358626301e+00 4.177899846022442576e-01 4.143027199527158366e-01
2.064060144564267563e-01 3.452171062684222136e+00 1.035030787240560191e+00 1.047996217204739011e+00 1.391420405848510011e+00 4.177626687858638777e-01 4.142797619107105866e-01
2.102186885849242626e-01 3.446943119536129529e+00 1.033431171495180934e+00 1.046397140089390554e+00 1.391346433535813887e+00 4.177343280984476825e-01 4.142559600300883549e-01
2.141017893628021085e-01 3.441537263136146940e+00 1.031776961702478346e+00 1.044743542638235212e+00 1.391269838209263865e+00 4.177049242001866780e-01 4.142312833913563974e-01
2.180566176914160992e-01 3.435948061528387054e+00 1.030066480823429664e+00 1.043033754166529992e+00 1.391190528687139549e+00 4.176744173265469762e-01 4.142056999493297642e-01
2.220844985020074824e-01 3.430169961951841540e+00 1.028298013739377126e+00 1.041266066395525325e+00 1.391108410723359112e+00 4.176427662360692183e-01 4.141791764927307273e-01
2.261867811995773303e-01 3.424197291542727228e+00 1.026469807391704681e+00 1.039438733626525391e+00 1.391023386911004911e+00 4.176099281563174781e-01 4.141516786023846652e-01
2.303648401149575031e-01 3.418024258356188838e+00 1.024580071014558946e+00 1.037549973010238880e+00 1.390935356583246296e+00 4.175758587279063683e-01 4.141231706079666619e-01
2.346200749652344875e-01 3.411644952731560654e+00 1.022626976467771787e+00 1.035597964918672620e+00 1.390844215711627641e+00 4.175405119465521731e-01 4.140936155432555221e-01
2.389539113226771538e-01 3.405053349026359477e+00 1.020608658677438552e+00 1.033580853427135793e+00 1.390749856801679840e+00 4.175038401030741753e-01 4.140629750998447989e-01
2.433678010923262525e-01 3.398243307745046238e+00 1.018523216191825842e+00 1.031496746914185358e+00 1.390652168785822429e+00 4.174657937212818970e-01 4.140312095792706426e-01
2.478632229984060464e-01 3.391208578089503600e+00 1.016368711860582863e+00 1.029343718787612882e+00 1.390551036913538763e+00 4.174263214936887456e-01 4.139982778434931898e-01
2.524416830797208688e-01 3.383942800958960717e+00 1.014143173645447149e+00 1.027119808344778562e+00 1.390446342638776978e+00 4.173853702149604716e-01 4.139641372636961858e-01
2.571047151942021936e-01 3.376439512427868550e+00 1.011844595570852601e+00 1.024823021775906007e+00 1.390337963504576502e+00 4.173428847130525865e-01 4.139287436673411147e-01
2.618538815327760561e-01 3.368692147730882880e+00 1.009470938823068487e+00 1.022451333319017941e+00 1.390225773024885925e+00 4.172988077779401506e-01 4.138920512834320942e-01
2.666907731427219930e-01 3.360694045784697881e+00 1.007020133006625517e+00 1.020002686575532724e+00 1.390109640563564675e+00 4.172530800878753166e-01 4.138540126859326929e-01
2.716170104606995261e-01 3.352438454276960744e+00 1.004490077566962292e+00 1.017474995995505171e+00 1.389989431210564952e+00 4.172056401330960229e-01 4.138145787352813798e-01
2.766342438556204097e-01 3.343918535352798926e+00 1.001878643388292467e+00 1.014866148541739399e+00 1.389865005655283481e+00 4.171564241368971304e-01 4.137736985179480964e-01
2.817441541815496331e-01 3.335127371929755391e+00 9.991836745757658456e-01 1.012174005541964128e+00 1.389736220057093519e+00 4.171053659739936137e-01 4.137313192839817688e-01
2.869484533408174776e-01 3.326057974671914330e+00 9.964029904309836816e-01 1.009396404738323483e+00 1.389602925913068665e+00 4.170523970860836593e-01 4.136873863824852560e-01
2.922488848575350850e-01 3.316703289653889719e+00 9.935343876299036481e-01 1.006531162543347513e+00 1.389464969922914239e+00 4.169974463945330667e-01 4.136418431949568930e-01
2.976472244617029417e-01 3.307056206745010662e+00 9.905756426120340130e-01 1.003576076511491166e+00 1.389322193851140863e+00 4.169404402100905793e-01 4.135946310664495584e-01
3.031452806841091752e-01 3.297109568743445074e+00 9.875245141896638046e-01 1.000528928035128828e+00 1.389174434386515777e+00 4.168813021395478824e-01 4.135456892344764324e-01
3.087448954622164510e-01 3.286856181289225631e+00 9.843787463855959707e-01 9.973874852736575036e-01 1.389021522998839631e+00 4.168026739336669895e-01 4.134949547556137084e-01
3.144479447572405828e-01 3.276288823584037502e+00 9.811360715075472250e-01 9.941495063239935703e-01 1.388863285793110469e+00 4.166459676344073104e-01 4.134423624297267619e-01
3.202563391826280248e-01 3.265400259944256423e+00 9.777942134669328489e-01 9.908127426403816607e-01 1.388699543361152866e+00 4.164834249885113193e-01 4.133878447217700369e-01
3.261720246441420223e-01 3.254183252212049737e+00 9.743508913492524570e-01 9.873749427108444721e-01 1.388530110630792347e+00 4.163148308558585198e-01 4.133313316810942606e-01
3.321969829917724715e-01 3.242630573047304399e+00 9.708038232426643432e-01 9.838338559970174479e-01 1.388354796712680805e+00 4.161399622783455987e-01 4.132727508581963694e-01
3.383332326836875348e-01 3.230735020120758527e+00 9.671507303306094983e-01 9.801872371434017239e-01 1.388173404744898365e+00 4.159585882015911507e-01 4.132120272188535282e-01
3.445828294624493360e-01 3.218489431225945996e+00 9.633893412535052825e-01 9.764328504611348158e-01 1.387985731735456030e+00 4.157704691870357516e-01 4.131490830555828442e-01
3.509478670437224390e-01 3.205886700324349636e+00 9.595173967435655094e-01 9.725684746904881273e-01 1.387791568402868547e+00 4.155753571141334035e-01 4.130838378963550550e-01
3.574304778176999875e-01 3.192919794534575306e+00 9.555326545356801482e-01 9.685919080451435015e-01 1.387590699014969342e+00 4.153729948723006160e-01 4.130162084105126752e-01
3.640328335634902546e-01 3.179581772072265888e+00 9.514328945560861506e-01 9.645009735400607020e-01 1.387382901226170917e+00 4.151631160422996070e-01 4.129461083118239895e-01
3.707571461766973608e-01 3.165865801142986324e+00 9.472159243891891123e-01 9.602935246033985628e-01 1.387167945913395650e+00 4.149454445667033475e-01 4.128734482586200460e-01
3.776056684104420191e-01 3.151765179785289916e+00 9.428795850213562701e-01 9.559674509713600443e-01 1.386945597010933451e+00 4.147196944090973947e-01 4.127981357509520333e-01
3.845806946300701079e-01 3.137273356655706724e+00 9.384217568588666403e-01 9.515206848632380421e-01 1.386715611344508492e+00 4.144855692016491400e-01 4.127200750247128624e-01
3.916845615818018156e-01 3.122383952741443203e+00 9.338403660153971053e-01 9.469512074320389772e-01 1.386477738464872100e+00 4.142427618806765466e-01 4.126391669426721087e-01
3.989196491755797047e-01 3.107090783980102078e+00 9.291333908624572757e-01 9.422570554841320778e-01 1.386231720481265750e+00 4.139909543098228006e-01 4.125553088823663561e-01
4.062883812823765428e-01 3.091387884758831195e+00 9.242988688340982861e-01 9.374363284592504009e-01 1.385977291895153840e+00 4.137298168904540718e-01 4.124683946208027585e-01
4.137932265462312964e-01 3.075269532257875138e+00 9.193349034749833670e-01 9.324871956598790312e-01 1.385714179434640592e+00 4.134590081588602750e-01 4.123783142159185289e-01
4.214366992112847932e-01 3.058730271595671901e+00 9.142396717185174992e-01 9.274079037166984563e-01 1.385442101890054900e+00 4.131781743698520470e-01 4.122849538847577211e-01
4.292213599640917754e-01 3.041764941724340865e+00 9.090114313792461154e-01 9.221967842742033739e-01 1.385160769951210957e+00 4.128869490663141795e-01 4.121881958783364386e-01
4.371498167914919519e-01 3.024371680502747850e+00 9.036515073280968480e-01 9.168492833909569484e-01 1.384869886046928844e+00 4.125849526342850737e-01 4.120879183531345191e-01
4.452247258543294284e-01 3.006550022748764039e+00 8.981623701997767384e-01 9.113598987627424819e-01 1.384569144187423717e+00 4.122717918430954809e-01 4.119839952392105875e-01
4.534487923773063978e-01 2.988289229978073003e+00 8.925359463938495885e-01 9.057338859589871838e-01 1.384258229810259699e+00 4.119470593701087813e-01 4.118762961049029503e-01
4.618247715552792898e-01 2.969585602780512090e+00 8.867709103813532501e-01 8.999699826066525077e-01 1.383936819630613879e+00 4.116103333095838535e-01 4.117646860180936841e-01
4.703554694762926425e-01 2.950435874450802576e+00 8.808660580013984998e-01 8.940670517773603443e-01 1.383604581496663544e+00 4.112611766651625977e-01 4.116490254040316987e-01
4.790437440616640563e-01 2.930837239827432050e+00 8.748203147759889831e-01 8.880240904836784743e-01 1.383261174250991710e+00 4.108991368254825138e-01 4.115291698997098901e-01
4.878925060234336475e-01 2.910787384266772193e+00 8.686327442514016894e-01 8.818402382044872034e-01 1.382906247598975069e+00 4.105237450223909734e-01 4.114049702047954948e-01
4.969047198394998532e-01 2.890284512625782121e+00 8.623025563274988592e-01 8.755147854003810792e-01 1.382539441985221274e+00 4.101345157712364964e-01 4.112762719291280789e-01
5.060834047467669405e-01 2.869327378117216831e+00 8.558291155334938338e-01 8.690471819771707906e-01 1.382160388479188207e+00 4.097309462926782553e-01 4.111429154368142491e-01
5.154316357526385062e-01 2.847915310892130680e+00 8.492119492059106989e-01 8.624370456527139517e-01 1.381768708671244683e+00 4.093125159154659132e-01 4.110047356869483970e-01
5.249525446651939209e-01 2.826048246195822955e+00 8.424507555218450072e-01 8.556841701796997768e-01 1.381364014580519051e+00 4.088786854596081488e-01 4.108615620710045491e-01
5.346493211423951619e-01 2.803726751935350592e+00 8.355454113382163595e-01 8.487885333744813465e-01 1.380945908576001635e+00 4.084288965993390086e-01 4.107132182469670489e-01
5.445252137606724219e-01 2.780952055489394503e+00 8.285385568444552096e-01 8.417503048998211668e-01 1.380513983312490423e+00 4.079625712052780129e-01 4.105595219702697918e-01
5.545835311032524251e-01 2.757726069584884421e+00 8.214896069271913071e-01 8.345698537474293133e-01 1.380067821683104379e+00 4.074791106651679540e-01 4.104002849216339399e-01
5.648276428685835571e-01 2.734051417059431888e+00 8.143020701831977792e-01 8.272477553644859150e-01 1.379635725156337145e+00 4.070066235486685668e-01 4.102065841657931422e-01
5.752609809992409451e-01 2.709931454324380873e+00 8.069767602301165521e-01 8.197847983670292216e-01 1.379266739465385694e+00 4.065974876673210670e-01 4.099287362755170694e-01
5.858870408316831924e-01 2.685370293340465953e+00 7.995147083765243856e-01 8.121819907821774542e-01 1.378937415226581642e+00 4.064840607634373493e-01 4.095895365464172766e-01
5.967093822672447923e-01 2.660372821916678454e+00 7.919171693302275994e-01 8.044405657606827909e-01 1.378598336720234130e+00 4.063665635642348395e-01 4.092377300717469080e-01
6.077316309647620152e-01 2.634944722143136353e+00 7.841856263322128928e-01 7.965619867012976307e-01 1.378249276349013286e+00 4.062448555269294603e-01 4.088728571647790577e-01
6.189574795552259534e-01 2.609092486770712149e+00 7.763217956594485880e-01 7.885479517290199247e-01 1.377890005972170817e+00 4.061187917632100852e-01 4.084944419334204380e-01
6.303906888788739504e-01 2.582823433353943710e+00 7.683276304408179769e-01 7.804003974703221935e-01 1.377520297381277237e+00 4.059882229484965688e-01 4.081019917445587453e-01
6.420350892451316405e-01 2.556145715979483146e+00 7.602053237321366730e-01 7.721215020701635012e-01 1.377139922826042806e+00 4.058529952332132762e-01 4.076949966730183395e-01
6.538945817158283713e-01 2.529068334410019325e+00 7.519573107984196536e-01 7.637136873978596086e-01 1.376748655594245641e+00 4.057129501565583940e-01 4.072729289348158144e-01
6.659731394121156667e-01 2.501601140483440844e+00 7.435862705544926676e-01 7.551796203917597872e-01 1.376346270650054215e+00 4.055679245632586305e-01 4.068352423044230282e-01
6.782748088455260449e-01 2.473754841618802658e+00 7.350951261184539565e-01 7.465222134962536948e-01 1.375932545335350365e+00 4.054177505238567569e-01 4.063813715157622575e-01
6.908037112736230556e-01 2.445544115973686594e+00 7.264901591156933680e-01 7.377415094696897491e-01 1.375507260138978616e+00 4.052622552591232941e-01 4.059107316466386006e-01
7.035640440806838480e-01 2.417043250619792971e+00 7.178366491821006612e-01 7.287790390403805496e-01 1.375070199539204285e+00 4.051012610692323879e-01 4.054227174863411776e-01
7.165600821838943313e-01 2.388202531938880213e+00 7.090752679377347878e-01 7.197014220758517489e-01 1.374621152925024514e+00 4.049345852683990943e-01 4.049167028861444528e-01
7.297961794655136725e-01 2.359036115538819089e+00 7.002099547857918438e-01 7.105124848588211250e-01 1.374159915602384707e+00 4.047620401257325806e-01 4.043781644473325443e-01
7.432767702314958536e-01 2.329558984138742517e+00 6.912448830256838761e-01 7.012162849422387545e-01 1.373686289891755674e+00 4.045834328131090452e-01 4.036901097338005950e-01
7.570063706970533435e-01 2.299786931590590555e+00 6.821844544709039226e-01 6.918171053677197868e-01 1.373200086323995039e+00 4.043985653609523112e-01 4.029762105355949586e-01
7.709895804996618196e-01 2.269736543472064216e+00 6.730332930126734503e-01 6.823194477960696780e-01 1.372701124941876127e+00 4.042072346228594570e-01 4.022355163252431254e-01
7.852310842400131996e-01 2.239425174266127083e+00 6.637962371321914912e-01 6.727280245521840563e-01 1.372189236715179117e+00 4.040092322500886679e-01 4.014670427879509784e-01
7.997356530514320161e-01 2.208870921169042933e+00 6.544783313722062346e-01 6.630477495946407451e-01 1.371664265077779055e+00 4.038043446770026579e-01 4.006697706863042718e-01
8.145081461982824900e-01 2.178092594596477305e+00 6.450848167867573313e-01 6.532837284285544222e-01 1.371126067595734410e+00 4.035923531186423885e-01 3.998426446901697240e-01
8.295535127038996537e-01 2.147109685485131703e+00 6.357262856784084981e-01 6.434412469886008346e-01 1.370574517775978496e+00 4.033730335816787527e-01 3.989845721708564774e-01
8.448767930085920863e-01 2.115942329515326570e+00 6.265001154554645790e-01 6.335257595274779163e-01 1.370009507025872209e+00 4.031461568901000270e-01 3.980944219585578203e-01
8.604831206582731484e-01 2.084611268407664308e+00 6.172240994315869589e-01 6.235428755533281020e-01 1.369243293604186507e+00 4.027238355567031025e-01 3.973586762324226029e-01
8.763777240242772715e-01 2.053137808474014836e+00 6.079044249901202068e-01 6.134983458677107926e-01 1.368421499825906551e+00 4.022515187526730651e-01 3.966304342914894754e-01
8.925659280549513852e-01 2.021543776629172839e+00 5.985474258288114857e-01 6.033980477634526274e-01 1.367577268198203910e+00 4.017621460418052681e-01 3.958752575404633767e-01
9.090531560595980221e-01 1.989851474094390449e+00 5.882468613949334291e-01 5.932479694491028521e-01 1.366710250327813458e+00 4.012551337081394776e-01 3.950921818622126214e-01
9.258449315253711731e-01 1.958083628047246005e+00 5.776893840142500736e-01 5.830541937735085334e-01 1.365820115323040485e+00 4.007298803879940641e-01 3.943288213676012788e-01
9.429468799677337421e-01 1.926263341493574366e+00 5.678993576029058854e-01 5.728228813303144484e-01 1.364906552399270723e+00 4.001857667022645781e-01 3.938459147557105133e-01
9.603647308150955464e-01 1.894414041656283354e+00 5.577887353678085969e-01 5.625602530277296065e-01 1.363947831566640900e+00 3.996007127537938297e-01 3.933679499925657463e-01
9.781043193282644710e-01 1.862540093804067709e+00 5.468086692605422794e-01 5.522919056020962891e-01 1.362986452777884328e+00 3.988572539105955661e-01 3.928516500681724644e-01
9.961715885553528160e-01 1.830503096395971641e+00 5.356116361023399719e-01 5.421864446186932529e-01 1.362130998642821833e+00 3.980890606377702756e-01 3.921876720915276060e-01
1.014572591322793205e+00 1.798503879844489894e+00 5.243802602262404022e-01 5.320734130905155901e-01 1.361256375236642668e+00 3.972941377292683596e-01 3.915003700373200779e-01
1.033313492263137290e+00 1.766566502839755692e+00 5.136706544513200967e-01 5.217863271557701133e-01 1.360362631141026846e+00 3.964716169868269802e-01 3.907889795754564410e-01
1.052400569880300063e+00 1.734715072940328895e+00 5.037362893047814261e-01 5.114868442377149549e-01 1.359486035735636200e+00 3.956567772806179883e-01 3.900165439882907759e-01
1.071840218652965637e+00 1.702973692633090064e+00 4.938142228721877913e-01 5.011938714264485562e-01 1.358646870677532981e+00 3.948688307417644872e-01 3.891621272617347138e-01
1.091638951176838068e+00 1.671366406267878801e+00 4.839106918724345174e-01 4.909135249849900795e-01 1.357792551524862112e+00 3.940540387400035538e-01 3.882776974190815800e-01
1.111803400346465853e+00 1.639917148211440745e+00 4.740318580815110483e-01 4.806573082636071970e-01 1.356911426344587390e+00 3.931995044630328673e-01 3.872729727269066391e-01
1.132340321577370190e+00 1.608649692557419408e+00 4.641837912702140301e-01 4.704147177039217365e-01 1.355624457279693384e+00 3.919248480482802055e-01 3.864578431614895671e-01
1.153256595069216406e+00 1.577587604718332814e+00 4.543724525838546136e-01 4.602079773002556440e-01 1.354333139376987738e+00 3.906301185420818500e-01 3.855892482834197832e-01
1.174559228110792830e+00 1.547078053543263554e+00 4.449275367810083814e-01 4.497134111951761604e-01 1.353144605022724267e+00 3.894208910057674888e-01 3.845591883284948942e-01
1.196255357427564281e+00 1.516853609952651283e+00 4.355992998338633626e-01 4.392269608723420315e-01 1.352187347215033419e+00 3.884239819682762107e-01 3.832383524288205390e-01
1.218352251572591527e+00 1.487122921196363023e+00 4.267639092384096777e-01 4.285679789461138700e-01 1.351135843673630710e+00 3.873120651946583282e-01 3.819515014614598414e-01
1.240857313361612979e+00 1.457847004347666120e+00 4.181513398219656175e-01 4.181110351746004650e-01 1.350040912235776158e+00 3.861340181865134946e-01 3.806471201706687069e-01
1.263778082353107068e+00 1.428666493444615604e+00 4.093857173056403287e-01 4.083789175180696507e-01 1.348621408636657915e+00 3.848507947709552957e-01 3.796057275017858945e-01
1.287122237374166867e+00 1.399478796983836038e+00 4.003482018760055050e-01 3.990727299236962455e-01 1.347454238398194892e+00 3.835299624497927606e-01 3.782498734609234248e-01
1.310897599093029386e+00 1.370423623198616436e+00 3.906617936874359209e-01 3.896991216902447874e-01 1.346387001273566586e+00 3.822781900990323001e-01 3.767315040932697201e-01
1.335112132639127314e+00 1.341900033437826600e+00 3.813686883276007356e-01 3.800311464727377242e-01 1.345287157346816365e+00 3.809602594086418659e-01 3.751828055228274561e-01
1.359773950271534249e+00 1.314506451981245050e+00 3.728769647601214432e-01 3.697141423800467397e-01 1.344179182502178715e+00 3.797603983851969289e-01 3.735790593832211126e-01
1.384891314096703185e+00 1.287527075743933880e+00 3.639271701543564941e-01 3.592693473959973627e-01 1.343018235408171668e+00 3.786872814403713372e-01 3.719649875410204753e-01
1.410472638836405057e+00 1.260116818406137096e+00 3.546748389338801877e-01 3.492676127548148823e-01 1.341436434561465774e+00 3.771642690434939826e-01 3.707084876153172726e-01
1.436526494646795937e+00 1.232951129174113536e+00 3.453689547609922750e-01 3.400204281169150189e-01 1.339834357873964876e+00 3.755888921209170617e-01 3.694091468612021867e-01
1.463061609989557921e+00 1.206304465566037543e+00 3.348369343219657068e-01 3.312926724584008831e-01 1.338724563880076657e+00 3.744704260722631073e-01 3.675547353936856609e-01
1.490086874556071139e+00 1.180965264032286521e+00 3.257624800409920640e-01 3.218509057578406996e-01 1.337649602474591415e+00 3.733478851064200299e-01 3.656032108976421391e-01
1.517611342245616113e+00 1.155864896643711059e+00 3.167582840877087857e-01 3.127832197480338028e-01 1.336874569771902888e+00 3.724825596365224367e-01 3.632901802916281842e-01
1.545644234198557232e+00 1.131247522248869153e+00 3.078076380151535396e-01 3.039595261096665890e-01 1.336283884223118612e+00 3.717547738063189389e-01 3.607321412702717556e-01
1.574194941885586729e+00 1.107132127685543921e+00 2.989011146967854859e-01 2.953504327319647071e-01 1.335179842584405474e+00 3.694106448957913402e-01 3.586279451958687137e-01
1.603273030254013909e+00 1.083465579555889402e+00 2.889410768231631677e-01 2.870885823487170363e-01 1.334080585402333430e+00 3.666382122051424775e-01 3.564608517402461096e-01
1.632888240932178325e+00 1.060203566492302407e+00 2.799595501118413710e-01 2.794568128460213075e-01 1.332451982366213095e+00 3.632238299114595170e-01 3.549296055420398943e-01
1.663050495493051173e+00 1.037693614985157886e+00 2.712438460531847451e-01 2.716943302231453750e-01 1.330926754077529139e+00 3.603159223202978545e-01 3.536455886613489863e-01
1.693769898778122895e+00 1.015082040006414665e+00 2.619271232005752070e-01 2.640834079839058379e-01 1.329497217043161594e+00 3.579054960369961735e-01 3.522369554592423846e-01
1.725056742282687905e+00 9.938054337135249217e-01 2.534329118815275006e-01 2.556131934796614935e-01 1.328252146857631155e+00 3.552882981310881982e-01 3.502567028195742171e-01
1.756921507603661281e+00 9.726009954663730195e-01 2.459514930964941115e-01 2.479888235931198004e-01 1.326784934725045773e+00 3.526071785798157165e-01 3.483406611495809546e-01
1.789374869951081637e+00 9.514586555635667908e-01 2.375106234060082588e-01 2.400837798226519437e-01 1.325245790551790925e+00 3.497395533245443167e-01 3.460459505105959455e-01
1.822427701724480986e+00 9.310588744726255861e-01 2.299922431220315922e-01 2.333472239903275902e-01 1.323861630941204126e+00 3.469037762550452042e-01 3.435473607979051547e-01
1.856091076155311770e+00 9.110840843028353842e-01 2.207590518987592176e-01 2.255347897716992733e-01 1.322234732705979354e+00 3.436929763869682741e-01 3.412465958887944684e-01
1.890376271016658061e+00 8.923581057680503026e-01 2.135047599734276602e-01 2.197214739133910300e-01 1.320999553203256127e+00 3.407318404580054194e-01 3.385136707030544923e-01
1.925294772401473065e+00 8.742623693352786773e-01 2.066513952139413801e-01 2.134531342427619105e-01 1.319395090154909189e+00 3.372489327077626831e-01 3.361145882275726748e-01
1.960858278570602797e+00 8.573464693621366539e-01 1.998452362569376195e-01 2.072392263186582095e-01 1.317498788188509629e+00 3.341723334146216029e-01 3.343977768168568954e-01
1.997078703871894456e+00 8.403294057871018019e-01 1.919381538323421399e-01 2.020401967484954930e-01 1.315799284249576484e+00 3.303494069863571747e-01 3.326271595496963496e-01
2.033968182731693553e+00 8.244088458731982927e-01 1.843169691954995582e-01 1.959065509808023409e-01 1.314156720599964689e+00 3.282703164480392788e-01 3.304196880462666464e-01
2.071539073720072732e+00 8.094690780851370171e-01 1.764983531800351502e-01 1.881078581734469957e-01 1.312580542050628241e+00 3.264602509306050449e-01 3.289363951023627219e-01
2.109803963691152084e+00 7.954187391784545147e-01 1.706187987185616706e-01 1.812781750082047560e-01 1.310719231775209881e+00 3.228717320741811836e-01 3.267416687339737003e-01
2.148775671999898496e+00 7.823236054207888257e-01 1.663158225366485610e-01 1.753117105953534427e-01 1.309118382149418558e+00 3.198424285646139786e-01 3.246340525265529742e-01
2.188467254796815809e+00 7.695688108559828322e-01 1.603699666530883361e-01 1.692884492888759862e-01 1.308307603021165999e+00 3.156008139997840134e-01 3.230628345869470675e-01
2.228892009401964636e+00 7.589763797960362712e-01 1.535075686191011979e-01 1.609547656481041811e-01 1.307605844908920290e+00 3.130219461145933302e-01 3.211442478564958680e-01
2.270063478759780651e+00 7.481177987268803342e-01 1.452117991465100566e-01 1.544652985486647534e-01 1.307310537426970676e+00 3.117798652088215050e-01 3.194137499919613710e-01
2.311995455976174174e+00 7.401393824651245623e-01 1.406327742550135262e-01 1.463598065092182043e-01 1.306466833821009477e+00 3.077551678690867432e-01 3.183598389075121826e-01
2.354701988939461810e+00 7.313682794578890700e-01 1.338016737885153740e-01 1.395512593840059212e-01 1.305083546150922036e+00 3.025357665994292677e-01 3.167167605115386309e-01
2.398197385026606288e+00 7.245015364538471836e-01 1.309830301312280287e-01 1.308923812546874954e-01 1.305855697572166463e+00 3.004213422656858423e-01 3.136312815718906855e-01
2.442496215896438283e+00 7.186647091201486814e-01 1.287889649562443672e-01 1.239812729740401576e-01 1.306804041834225050e+00 2.966070025565854529e-01 3.099277873093333469e-01
2.487613322371391877e+00 7.123975239063109477e-01 1.215004403304947855e-01 1.178727382066601104e-01 1.306984414406945127e+00 2.911689766547709279e-01 3.069620237775754212e-01
2.533563819409419882e+00 7.073077391733105790e-01 1.170379610316895080e-01 1.115642286216068646e-01 1.307025375907042486e+00 2.858538888126740396e-01 3.043040395042735380e-01
2.580363101167747253e+00 7.025565349142575133e-01 1.110348266080269930e-01 1.046459098622792849e-01 1.308378997453572667e+00 2.846094385214485989e-01 2.998144582165300776e-01
2.628026846160162577e+00 6.979590808898322729e-01 1.041761954360282960e-01 9.837349602291389772e-02 1.310707580059823130e+00 2.809410792316897609e-01 2.949931981230631273e-01
2.676571022509572906e+00 6.936853148244350731e-01 9.927468209028589285e-02 9.598089158212008698e-02 1.313302511434341957e+00 2.789990028163127356e-01 2.919505871086660598e-01
2.726011893297583200e+00 6.915639268376212456e-01 9.462781993754698640e-02 9.110544452413882333e-02 1.316088727225717570e+00 2.768823134722282475e-01 2.869237416432481869e-01
2.776366022012889623e+00 6.905721987764101844e-01 8.868232987383095622e-02 8.603227716439354467e-02 1.318243736779202369e+00 2.732861769955901021e-01 2.833598968770745241e-01
2.827650278100314551e+00 6.913071600164368835e-01 8.403432288551082596e-02 7.924313350343847873e-02 1.320302679960261960e+00 2.664788885888365044e-01 2.785962990960919594e-01
2.879881842612344922e+00 6.925060294242639802e-01 7.929147186917051560e-02 7.636964529964929138e-02 1.324954090219373271e+00 2.620505818975260581e-01 2.730973154054372465e-01
2.933078213965059522e+00 6.965844035172676918e-01 7.630547033766310605e-02 7.088466492530542951e-02 1.330773514585120942e+00 2.556486852365451590e-01 2.672237796453356129e-01
2.987257213800381894e+00 6.990676298171707437e-01 7.326172756083604298e-02 7.004908947418908571e-02 1.337590047981068508e+00 2.518995811102302529e-01 2.608030822454177056e-01
3.042436992956617292e+00 7.032729602320895168e-01 7.027977513759309236e-02 6.810575735028112643e-02 1.345133655858170130e+00 2.461572412138159915e-01 2.533267524010782701e-01
3.098636037549274747e+00 7.093599214676356013e-01 7.094706719635579528e-02 6.342497909334721129e-02 1.352367895689289501e+00 2.431842872514711207e-01 2.465547968311130322e-01
3.155873175164216615e+00 7.155074259503839684e-01 6.784071006252379021e-02 6.402938593889173635e-02 1.360299223995678597e+00 2.400961452569356780e-01 2.407455238476006176e-01
3.214167581165200627e+00 7.233879918101342454e-01 6.621368347852030212e-02 6.420435985513517352e-02 1.370217085737779117e+00 2.369350456826204709e-01 2.335354962383682231e-01
3.273538785117937611e+00 7.331055457251740570e-01 6.780059274329952590e-02 6.550800949235557891e-02 1.379847728942277252e+00 2.358203646966063882e-01 2.261663644736005008e-01
3.334006677332808977e+00 7.421882527448022682e-01 6.707836372096231958e-02 6.853592647551520756e-02 1.390228546362533013e+00 2.315167286185588758e-01 2.176307795360354902e-01
3.395591515528443072e+00 7.527002862291769514e-01 6.660658518144335627e-02 7.186883859648263151e-02 1.400263196899700580e+00 2.238508501767690895e-01 2.105889432501448777e-01
3.458313931618377080e+00 7.662686239217124662e-01 6.820706921118058208e-02 7.329195541965072280e-02 1.413907042347724463e+00 2.205299337711115193e-01 2.032377629877133440e-01
3.522194938623080862e+00 7.797001075522278501e-01 6.938095852729564417e-02 7.867519869075756400e-02 1.425067203579446051e+00 2.135545104895033575e-01 1.970551965152738116e-01
3.587255937709648457e+00 7.948979054992506565e-01 7.187812312472707799e-02 8.622779442647920956e-02 1.437543508126446490e+00 2.062399052543522071e-01 1.937053980589236168e-01
3.653518725361565522e+00 8.135558553941591997e-01 7.320937854579323556e-02 9.096298631049160033e-02 1.452190523824586688e+00 2.000803492118843341e-01 1.864890308554068010e-01
3.721005500680837574e+00 8.342422718297640705e-01 7.630433333751363012e-02 9.508144527455475448e-02 1.466849182460787437e+00 1.946410533207074689e-01 1.831783759377061394e-01
3.789738872825076488e+00 8.561392404527865541e-01 7.906060204422438176e-02 1.007766371230537361e-01 1.484411408001879540e+00 1.870669004333662677e-01 1.797230891086156745e-01
3.859741868581926916e+00 8.800579937579743328e-01 8.331479923106999141e-02 1.055432507075253490e-01 1.504495687280833938e+00 1.822438664579197898e-01 1.709814888060889881e-01
3.931037940083407012e+00 9.063959525185197874e-01 9.152367333024280516e-02 1.134328181954543657e-01 1.524574716792667317e+00 1.727906062026955958e-01 1.643343014550879833e-01
4.003650972662756047e+00 9.332350683993810847e-01 9.521015183046233066e-02 1.216305076871422308e-01 1.548525342342752742e+00 1.652552306173098451e-01 1.563879546362925144e-01
4.077605292856404162e+00 9.629356898725640601e-01 1.009685352252723822e-01 1.289053269616509123e-01 1.570955804560361546e+00 1.571376369909260884e-01 1.539430444272815723e-01
4.152925676553750556e+00 9.953802888264284832e-01 1.060522931800420565e-01 1.376981830214094593e-01 1.602333538622801701e+00 1.554731203836421383e-01 1.456816776862657203e-01
4.229637357297492350e+00 1.030698621962159223e+00 1.138017192137119604e-01 1.483264107124147024e-01 1.631253156985091213e+00 1.534508988311222843e-01 1.451643626446694757e-01
4.307766034737262828e+00 1.068498296865552533e+00 1.209837626616790951e-01 1.578143735801620373e-01 1.660301221989948228e+00 1.486332319044691985e-01 1.408964841327231543e-01
4.387337883239431413e+00 1.110429832150580109e+00 1.296851767883153705e-01 1.660232754083847961e-01 1.692529770619263019e+00 1.498147732543071431e-01 1.383123026959940383e-01
4.468379560655935556e+00 1.156273304149741277e+00 1.401730741046698370e-01 1.735609626930785243e-01 1.728540675276041494e+00 1.462613180246765676e-01 1.339478169296650645e-01
4.550918217255094156e+00 1.204684064271802191e+00 1.536172940718485425e-01 1.819575821610985855e-01 1.764704636761867063e+00 1.423850537447042264e-01 1.382343300486774673e-01
4.634981504817383247e+00 1.254804271332601084e+00 1.615362088806870933e-01 1.922948688845058651e-01 1.808426947373104499e+00 1.472804356465200470e-01 1.401903765646006494e-01
4.720597585899227511e+00 1.308600523796253468e+00 1.691512755737156759e-01 2.029984626534573344e-01 1.852152705535004440e+00 1.469563306857450957e-01 1.436525742129557415e-01
4.807795143267911797e+00 1.365974306645627578e+00 1.786348665207535547e-01 2.151440232741761438e-01 1.896339484933303510e+00 1.459112135613680472e-01 1.508568397530272165e-01
4.896603389510771898e+00 1.427671959376479727e+00 1.897285161065127568e-01 2.263256009443830319e-01 1.945527467276100264e+00 1.463405881376638185e-01 1.570087250374267995e-01
4.987052076821878011e+00 1.493599263508629926e+00 1.996692338876775441e-01 2.386637097909594107e-01 1.998007062724878491e+00 1.505643946432444480e-01 1.615504329184793697e-01
5.079171506969503369e+00 1.563330700613993152e+00 2.081348178459589970e-01 2.525285638653984588e-01 2.056186077706632531e+00 1.573495780781879461e-01 1.708484320056751216e-01
5.172992541447704262e+00 1.637415044233878625e+00 2.182671677846597103e-01 2.661229015016088884e-01 2.115791552681288934e+00 1.623285508428680135e-01 1.843937310447834044e-01
5.268546611815415837e+00 1.717209544777950958e+00 2.289782507962632163e-01 2.779920262326240898e-01 2.182805441200474483e+00 1.691379663150804902e-01 1.962734137596502393e-01
5.365865730226533792e+00 1.800783240245674710e+00 2.387989229324447571e-01 2.943269415072296002e-01 2.258021217812469228e+00 1.743646433433299059e-01 2.059236291693102849e-01
5.464982500154500045e+00 1.890957945071882085e+00 2.476581251832192798e-01 3.105528950270646238e-01 2.336557312733990699e+00 1.766256285988241359e-01 2.193374634952105495e-01
5.565930127314993925e+00 1.986080086009598400e+00 2.604370690015807011e-01 3.277143187132023350e-01 2.417869521222290707e+00 1.901519967681761791e-01 2.302000837674089695e-01
5.668742430790367770e+00 2.087234944742830223e+00 2.729987245663363371e-01 3.448714001142874075e-01 2.502385828314818816e+00 2.003516924231827367e-01 2.480967229779875716e-01
5.773453854359631876e+00 2.195630395428725734e+00 2.858845014124147266e-01 3.619857133269710481e-01 2.600318017883884725e+00 2.178928934166735054e-01 2.644748045105109746e-01
5.880099478037609906e+00 2.309302037598897073e+00 2.977299209582389139e-01 3.806206990310134763e-01 2.703758978183731010e+00 2.308882822432116733e-01 2.777574681406402846e-01
5.988715029827348602e+00 2.432198979196313005e+00 3.114014300142917691e-01 3.997974420899601533e-01 2.814862894883781941e+00 2.493212572910272762e-01 2.962763841861355552e-01
6.099336897689572545e+00 2.561462299961424716e+00 3.245625668808780340e-01 4.203590285685310235e-01 2.928802656547711436e+00 2.619463161617492375e-01 3.196293355893748966e-01
6.212002141733226068e+00 2.701103836244188816e+00 3.402459672542597069e-01 4.403431103055046592e-01 3.052720717698414798e+00 2.797544236007163398e-01 3.414579955199759098e-01
6.326748506631219016e+00 2.849914705105931922e+00 3.592319643073627056e-01 4.598714378488826249e-01 3.188163584352197155e+00 3.045982634380410836e-01 3.662983540178070818e-01
6.443614434265490409e+00 3.008368558716072005e+00 3.775406297917340837e-01 4.800364094615372501e-01 3.338653557728797683e+00 3.306977268871587050e-01 3.775778622401189111e-01
6.562639076605665700e+00 3.176623576407327398e+00 3.964288200687016150e-01 5.013345637852220094e-01 3.492910831957068307e+00 3.553693293485471472e-01 4.016813868783284391e-01
6.683862308825593956e+00 3.356263476673153168e+00 4.155621016081125774e-01 5.227766487278575624e-01 3.659874075110979952e+00 3.799972784450558194e-01 4.281201007124684210e-01
6.807324742662175687e+00 3.548137441420133875e+00 4.366676616629572294e-01 5.467610879551347836e-01 3.831992512774930137e+00 3.949847782318607337e-01 4.561395819017532993e-01
6.933067740020947056e+00 3.753664083520849459e+00 4.585505812249679458e-01 5.720673374851079629e-01 4.025387386322294425e+00 4.233018278604703255e-01 4.792677514243663950e-01
7.061133426832990168e+00 3.975330365660549425e+00 4.839754657345021194e-01 5.954661820464588473e-01 4.227024555587203025e+00 4.452775861197442175e-01 5.124107409208624730e-01
7.191564707167791504e+00 4.208725305474207090e+00 5.085618915082097402e-01 6.215684492779747217e-01 4.443085094470847984e+00 4.644278358729643230e-01 5.445766283375634842e-01
7.324405277606802045e+00 4.457778321854254600e+00 5.345935745529799554e-01 6.480300434381511820e-01 4.675518816373226194e+00 4.996410962866955074e-01 5.762326623579614449e-01
7.459699641882497012e+00 4.722871710888576047e+00 5.617271851474461286e-01 6.739901006262405403e-01 4.916718856052673559e+00 5.124595773216285011e-01 6.197721164623635204e-01
7.597493125787839752e+00 5.004551668141807852e+00 5.899927754081977227e-01 7.006852502142022487e-01 5.178167865119923441e+00 5.345265351910013507e-01 6.570741481567701214e-01
7.737831892361157315e+00 5.304610507584970769e+00 6.201313494379130375e-01 7.317004641686253308e-01 5.463918860789057419e+00 5.714339904570131523e-01 6.883256654599314572e-01
7.880762957351496567e+00 5.623789617772510852e+00 6.497481599055960899e-01 7.646349652175983280e-01 5.768872979162953385e+00 6.029952920556214124e-01 7.201878180676342112e-01
8.026334204969664654e+00 5.961956774170182882e+00 6.791538053213708181e-01 8.003034965434210335e-01 6.091906860191096840e+00 6.320459059831975424e-01 7.553428620431574814e-01
8.174594403930207420e+00 6.322255225450049920e+00 7.111748394899386483e-01 8.355808285139003644e-01 6.436511875738302635e+00 6.680993912352812814e-01 7.932244211114127808e-01
8.325593223789717001e+00 6.706375604897854004e+00 7.468209835624772808e-01 8.700152528555102904e-01 6.798206926607087475e+00 7.031861065703326474e-01 8.355135339556944984e-01
8.479381251586930901e+00 7.111947807662387433e+00 7.798849460849490711e-01 9.162129066476882855e-01 7.191282064451730349e+00 7.473238273478397531e-01 8.732574913997588339e-01
8.636010008790211856e+00 7.544507176349479316e+00 8.117777532645975569e-01 9.531239017216845966e-01 7.599381251665432657e+00 7.816858304115381628e-01 9.270494641280819792e-01
8.795531968558043090e+00 8.003501866102361362e+00 8.431739241606743818e-01 9.922315346411298975e-01 8.042618365275494341e+00 8.251822642847868039e-01 9.749232602998567643e-01
8.958000573318461335e+00 8.496136649910685179e+00 8.792485336540742935e-01 1.034793520432387481e+00 8.511610123183491083e+00 8.587555516605913652e-01 1.025225588051819514e+00
9.123470252673017811e+00 9.020561489800064336e+00 9.144991411762912747e-01 1.076898728260948346e+00 9.012014094594979596e+00 8.985166919688243325e-01 1.075787113600684464e+00
9.291996441631656722e+00 9.580177568707394897e+00 9.601972941282586049e-01 1.116271707272197489e+00 9.548243607330192617e+00 9.397585474286689333e-01 1.125058650692956519e+00
9.463635599184300418e+00 1.017228137027004564e+01 1.004329295334185801e+00 1.160064636919296177e+00 1.012211474836133362e+01 9.821669707184419451e-01 1.176015432529487370e+00
9.638445227215537869e+00 1.080163774439440694e+01 1.042300546266115902e+00 1.220565212979664693e+00 1.073903407202952742e+01 1.031282022424347744e+00 1.223776613401069469e+00
9.816483889768672810e+00 1.147562343413946451e+01 1.089755679045728343e+00 1.272688495556948851e+00 1.139263973108995565e+01 1.084951232485389383e+00 1.276646204926610295e+00
9.997811232665624104e+00 1.219549329225406531e+01 1.138987823641187447e+00 1.325386188253819597e+00 1.207987040896809106e+01 1.130921975521664180e+00 1.330851081539659475e+00
1.018248800348924377e+01 1.295796092657875853e+01 1.187162842802424123e+00 1.374193632691810052e+00 1.281592136233968660e+01 1.184294684764696015e+00 1.382811991848656774e+00
1.037057607193472641e+01 1.376737629628227566e+01 1.234018312145140683e+00 1.424155711079661657e+00 1.360429998434150889e+01 1.240450109939173373e+00 1.436643128335521880e+00
1.056213845053696510e+01 1.462962292484696292e+01 1.291631173974277402e+00 1.466827644735477776e+00 1.444377660895496263e+01 1.303275662285617642e+00 1.492213332513285806e+00
1.075723931578075643e+01 1.555076364484188645e+01 1.354078583720827567e+00 1.515634176913291498e+00 1.533324097267774633e+01 1.360336623374887921e+00 1.553585613505518381e+00
1.095594402960096225e+01 1.652553272012114860e+01 1.407196269985346859e+00 1.576932513079267295e+00 1.628714922810037180e+01 1.428822305651651803e+00 1.617072081515622983e+00
1.115831916127981494e+01 1.756461669900868827e+01 1.457821972779491659e+00 1.632725776020233610e+00 1.730993818706779663e+01 1.503933196086721935e+00 1.668140498621362156e+00
1.136443250974869379e+01 1.867213018229680088e+01 1.515069011548668243e+00 1.690218669455962441e+00 1.839535862530663124e+01 1.577670421897142461e+00 1.723832253824184590e+00
1.157435312630185997e+01 1.985334718195525028e+01 1.573844547087499990e+00 1.755318445056413879e+00 1.954586213242191661e+01 1.641910660838945546e+00 1.785849767147475120e+00
1.178815133772976154e+01 2.111251393543604138e+01 1.638594700720048536e+00 1.792258475496698367e+00 2.077811817345173040e+01 1.713677051335963597e+00 1.858953711197372627e+00
1.200589876987963045e+01 2.244496665192892948e+01 1.720491047622008551e+00 1.865388839536059606e+00 2.208610459454745012e+01 1.783007897692947097e+00 1.941434346866412142e+00
1.222766837165130482e+01 2.387500361387652248e+01 1.796877803089355297e+00 1.920004151060386022e+00 2.348750239403103279e+01 1.864465582685017608e+00 2.021186291228502796e+00
1.245353443943628236e+01 2.539640641800515652e+01 1.873721220482934768e+00 1.964536930505964563e+00 2.499287926312003805e+01 1.956846842670778130e+00 2.073459177691447053e+00
1.268357264200820822e+01 2.700333242746792450e+01 1.926385710988022026e+00 2.031483942714675806e+00 2.658234164794300014e+01 2.056693668718011736e+00 2.138480842200713994e+00
1.291786004587314096e+01 2.872974108461067289e+01 2.000313103933404335e+00 2.082066119441069674e+00 2.825352784673187756e+01 2.118374720353397578e+00 2.208519663488260676e+00
1.315647514108806071e+01 3.055130926419894166e+01 2.079074016903231126e+00 2.157646294974469470e+00 3.004610238891617868e+01 2.191320921383475451e+00 2.293174609630174388e+00
1.339949786755631678e+01 3.247013083164520708e+01 2.138420128915541341e+00 2.246206139419854253e+00 3.196142969853045201e+01 2.276048854819439526e+00 2.379558780208483881e+00
1.364700964180877918e+01 3.454106083094847435e+01 2.227140565712751652e+00 2.303325100703723649e+00 3.399022683879670126e+01 2.345133838443370422e+00 2.466944753210327690e+00
1.389909338427965935e+01 3.674656332371583289e+01 2.306818903908137486e+00 2.376217028284372645e+00 3.615058575512348682e+01 2.420474382516744072e+00 2.546583272969080269e+00
1.415583354708630814e+01 3.908792099940521325e+01 2.389134041245526419e+00 2.444942635988063273e+00 3.846816232476970043e+01 2.517695439414609382e+00 2.609751885688588402e+00
1.441731614232185876e+01 4.160127371746415292e+01 2.490270373791432235e+00 2.513051076942893758e+00 4.093353992266398222e+01 2.618410145524904920e+00 2.696861911584015559e+00
1.468362877087079355e+01 4.426430396135295098e+01 2.612285966679245064e+00 2.578598607886611660e+00 4.354984747453015359e+01 2.724950171360013940e+00 2.814944649757023853e+00
1.495486065175660606e+01 4.708589592380101863e+01 2.713724430399942378e+00 2.657878372989607385e+00 4.632605694163882504e+01 2.839475638233587063e+00 2.894956617759170570e+00
1.523110265203162683e+01 5.009269878678848897e+01 2.850177880566633348e+00 2.716013546726436800e+00 4.932157708445480182e+01 2.971264271927594791e+00 2.944137883564955871e+00
1.551244731721893899e+01 5.327604665828407349e+01 2.940305868273142664e+00 2.791149245363392595e+00 5.248642493196820169e+01 3.071967170339277686e+00 3.031502626870164363e+00
1.579898890231663167e+01 5.664181214199727776e+01 2.965407583813089332e+00 2.882811300656456410e+00 5.582922487014465673e+01 3.188945204296537383e+00 3.115446774519028850e+00
1.609082340337472772e+01 6.026828367921338270e+01 3.102197786791599299e+00 2.914099468914443491e+00 5.941904869079557017e+01 3.311234730861762898e+00 3.155132637431357523e+00
1.638804858965543332e+01 6.408256172092562508e+01 3.159397368607123724e+00 2.982876525012201796e+00 6.322743666613817481e+01 3.427894865112101286e+00 3.239106607700421137e+00
1.669076403638738881e+01 6.817357034148049877e+01 3.247828547332360927e+00 3.053968933972427635e+00 6.725543899235650258e+01 3.508001945666059385e+00 3.330824112087711342e+00
1.699907115812499114e+01 7.254113037276076170e+01 3.354198915889369914e+00 3.107470105234781954e+00 7.157806099658665744e+01 3.635652327911060411e+00 3.365542143760279714e+00
1.731307324272390602e+01 7.715961370926657992e+01 3.443702855849025468e+00 3.166803992534624967e+00 7.616733841709643116e+01 3.745288424105879699e+00 3.409144728985864958e+00
1.763287548594415455e+01 8.211729345238393307e+01 3.550483187869275525e+00 3.178469244480794487e+00 8.107182169849193087e+01 3.829796710842742868e+00 3.450439589220238190e+00
1.795858502669239343e+01 8.730279907527153682e+01 3.670824678782807382e+00 3.241488103070196303e+00 8.625810213298568385e+01 3.891990844131740346e+00 3.586584563283480520e+00
1.829031098291518376e+01 9.289094769303960675e+01 3.803692642093764675e+00 3.292279897993736881e+00 9.184196615352735193e+01 4.046271376520053309e+00 3.594997496922047731e+00
1.862816448815524595e+01 9.882406638212951577e+01 3.826611516700552329e+00 3.319372468547257427e+00 9.776589665202976676e+01 4.122106097183959150e+00 3.568081551989195077e+00
1.897225872878300024e+01 1.051204597529656155e+02 3.921374003822407417e+00 3.410892881953898836e+00 1.040507572741420717e+02 4.345262875577034833e+00 3.648211677189920010e+00
1.932270898191582731e+01 1.118066991236876504e+02 3.995541865414338645e+00 3.531999026248485052e+00 1.107263905214478541e+02 4.404955989776738079e+00 3.760967890761861554e+00
1.967963265403774287e+01 1.189100479874144867e+02 4.082342531276722752e+00 3.613842888967440103e+00 1.178298125100292424e+02 4.550282974925806911e+00 3.860040005896365756e+00
